Workbook
Name 菜品资料: 'Item Master'!$B$4:$D$119

Sheet Item Master
A2: Procurement information cross-reference table
A3: 序号 | B3: 菜品（马来语） | C3: 菜品（中文） | D3: 商品类别 | E3: 单位 | F3: =IFERROR(SUMIF('1.1'!C:C, C3, '1.1'!E:E), 0)+IFERROR(SUMIF('1.2'!C:C, C3, '1.2'!E:E), 0)+IFERROR(SUMIF('1.3'!C:C, C3, '1.3'!E:E), 0)+IFERROR(SUMIF('1.4'!C:C, C3, '1.4'!E:E), 0)+IFERROR(SUMIF('1.5'!C:C, C3, '1.5'!E:E), 0)+IFERROR(SUMIF('1.6'!C:C, C3, '1.6'!E:E), 0)+IFERROR(SUMIF('1.7'!C:C, C3, '1.7'!E:E), 0)+IFERROR(SUMIF('1.8'!C:C, C3, '1.8'!E:E), 0)+IFERROR(SUMIF('1.9'!C:C, C3, '1.9'!E:E), 0)+IFERROR(SUMIF('1.10'!C:C, C3, '1.10'!E:E), 0)+IFERROR(SUMIF('1.11'!C:C, C3, '1.11'!E:E), 0)+IFERROR(SUMIF('1.12'!C:C, C3, '1.12'!E:E), 0)+IFERROR(SUMIF('1.13'!C:C, C3, '1.13'!E:E), 0)+IFERROR(SUMIF('1.14'!C:C, C3, '1.14'!E:E), 0)+IFERROR(SUMIF('1.15'!C:C, C3, '1.15'!E:E), 0)+IFERROR(SUMIF('1.16'!C:C, C3, '1.16'!E:E), 0)+IFERROR(SUMIF('1.17'!C:C, C3, '1.17'!E:E), 0)+IFERROR(SUMIF('1.18'!C:C, C3, '1.18'!E:E), 0)+IFERROR(SUMIF('1.19'!C:C, C3, '1.19'!E:E), 0)+IFERROR(SUMIF('1.20'!C:C, C3, '1.20'!E:E), 0)+IFERROR(SUMIF('1.21'!C:C, C3, '1.21'!E:E), 0)+IFERROR(SUMIF('1.22'!C:C, C3, '1.22'!E:E), 0)+IFERROR(SUMIF('1.23'!C:C, C3, '1.23'!E:E), 0)+IFERROR(SUMIF('1.24'!C:C, C3, '1.24'!E:E), 0)+IFERROR(SUMIF('1.25'!C:C, C3, '1.25'!E:E), 0)+IFERROR(SUMIF('1.26'!C:C, C3, '1.26'!E:E), 0)+IFERROR(SUMIF('1.27'!C:C, C3, '1.27'!E:E), 0)+IFERROR(SUMIF('1.28'!C:C, C3, '1.28'!E:E), 0)+IFERROR(SUMIF('1.29'!C:C, C3, '1.29'!E:E), 0)+IFERROR(SUMIF('1.30'!C:C, C3, '1.30'!E:E), 0)+IFERROR(SUMIF('1.31'!C:C, C3, '1.31'!E:E), 0)+IFERROR(SUMIF('2.1'!C:C, C3, '2.1'!E:E), 0)+IFERROR(SUMIF('2.2'!C:C, C3, '2.2'!E:E), 0)+IFERROR(SUMIF('2.3'!C:C, C3, '2.3'!E:E), 0)+IFERROR(SUMIF('2.4'!C:C, C3, '2.4'!E:E), 0)+IFERROR(SUMIF('2.5'!C:C, C3, '2.5'!E:E), 0)+IFERROR(SUMIF('2.6'!C:C, C3, '2.6'!E:E), 0)+IFERROR(SUMIF('2.7'!C:C, C3, '2.7'!E:E), 0)+IFERROR(SUMIF('2.8'!C:C, C3, '2.8'!E:E), 0)+IFERROR(SUMIF('2.9'!C:C, C3, '2.9'!E:E), 0)+IFERROR(SUMIF('2.10'!C:C, C3, '2.10'!E:E), 0)+IFERROR(SUMIF('2.11'!C:C, C3, '2.11'!E:E), 0)+IFERROR(SUMIF('2.12'!C:C, C3, '2.12'!E:E), 0)+IFERROR(SUMIF('2.13'!C:C, C3, '2.13'!E:E), 0)+IFERROR(SUMIF('2.14'!C:C, C3, '2.14'!E:E), 0)+IFERROR(SUMIF('2.15'!C:C, C3, '2.15'!E:E), 0)+IFERROR(SUMIF('2.16'!C:C, C3, '2.16'!E:E), 0)+IFERROR(SUMIF('2.17'!C:C, C3, '2.17'!E:E), 0)+IFERROR(SUMIF('2.18'!C:C, C3, '2.18'!E:E), 0)+IFERROR(SUMIF('2.19'!C:C, C3, '2.19'!E:E), 0)+IFERROR(SUMIF('2.20'!C:C, C3, '2.20'!E:E), 0)+IFERROR(SUMIF('2.21'!C:C, C3, '2.21'!E:E), 0)+IFERROR(SUMIF('2.22'!C:C, C3, '2.22'!E:E), 0)+IFERROR(SUMIF('2.23'!C:C, C3, '2.23'!E:E), 0)+IFERROR(SUMIF('2.24'!C:C, C3, '2.24'!E:E), 0)+IFERROR(SUMIF('2.25'!C:C, C3, '2.25'!E:E), 0)+IFERROR(SUMIF('2.26'!C:C, C3, '2.26'!E:E), 0)+IFERROR(SUMIF('2.27'!C:C, C3, '2.27'!E:E), 0)+IFERROR(SUMIF('2.28'!C:C, C3, '2.28'!E:E), 0)+IFERROR(SUMIF('3.1'!C:C, C3, '3.1'!E:E), 0)+IFERROR(SUMIF('3.2'!C:C, C3, '3.2'!E:E), 0)+IFERROR(SUMIF('3.3'!C:C, C3, '3.3'!E:E), 0)+IFERROR(SUMIF('3.4'!C:C, C3, '3.4'!E:E), 0)+IFERROR(SUMIF('3.5'!C:C, C3, '3.5'!E:E), 0)+IFERROR(SUMIF('3.6'!C:C, C3, '3.6'!E:E), 0)+IFERROR(SUMIF('3.7'!C:C, C3, '3.7'!E:E), 0)+IFERROR(SUMIF('3.8'!C:C, C3, '3.8'!E:E), 0)+IFERROR(SUMIF('3.9'!C:C, C3, '3.9'!E:E), 0)+IFERROR(SUMIF('3.10'!C:C, C3, '3.10'!E:E), 0)+IFERROR(SUMIF('3.11'!C:C, C3, '3.11'!E:E), 0)+IFERROR(SUMIF('3.12'!C:C, C3, '3.12'!E:E), 0)+IFERROR(SUMIF('3.13'!C:C, C3, '3.13'!E:E), 0)+IFERROR(SUMIF('3.14'!C:C, C3, '3.14'!E:E), 0)+IFERROR(SUMIF('3.15'!C:C, C3, '3.15'!E:E), 0)+IFERROR(SUMIF('3.16'!C:C, C3, '3.16'!E:E), 0)+IFERROR(SUMIF('3.17'!C:C, C3, '3.17'!E:E), 0)+IFERROR(SUMIF('3.18'!C:C, C3, '3.18'!E:E), 0)+IFERROR(SUMIF('3.19'!C:C, C3, '3.19'!E:E), 0)+IFERROR(SUMIF('3.20'!C:C, C3, '3.20'!E:E), 0)+IFERROR(SUMIF('3.21'!C:C, C3, '3.21'!E:E), 0)+IFERROR(SUMIF('3.22'!C:C, C3, '3.22'!E:E), 0)+IFERROR(SUMIF('3.23'!C:C, C3, '3.23'!E:E), 0)+IFERROR(SUMIF('3.24'!C:C, C3, '3.24'!E:E), 0)+IFERROR(SUMIF('3.25'!C:C, C3, '3.25'!E:E), 0)+IFERROR(SUMIF('3.26'!C:C, C3, '3.26'!E:E), 0)+IFERROR(SUMIF('3.27'!C:C, C3, '3.27'!E:E), 0)+IFERROR(SUMIF('3.28'!C:C, C3, '3.28'!E:E), 0)+IFERROR(SUMIF('3.29'!C:C, C3, '3.29'!E:E), 0)+IFERROR(SUMIF('3.30'!C:C, C3, '3.30'!E:E), 0)+IFERROR(SUMIF('3.31'!C:C, C3, '3.31'!E:E), 0)+IFERROR(SUMIF('4.1'!C:C, C3, '4.1'!E:E), 0)+IFERROR(SUMIF('4.2'!C:C, C3, '4.2'!E:E), 0)+IFERROR(SUMIF('4.3'!C:C, C3, '4.3'!E:E), 0)+IFERROR(SUMIF('4.4'!C:C, C3, '4.4'!E:E), 0)+IFERROR(SUMIF('4.5'!C:C, C3, '4.5'!E:E), 0)+IFERROR(SUMIF('4.6'!C:C, C3, '4.6'!E:E), 0)+IFERROR(SUMIF('4.7'!C:C, C3, '4.7'!E:E), 0)+IFERROR(SUMIF('4.8'!C:C, C3, '4.8'!E:E), 0)+IFERROR(SUMIF('4.9'!C:C, C3, '4.9'!E:E), 0)+IFERROR(SUMIF('4.10'!C:C, C3, '4.10'!E:E), 0)+IFERROR(SUMIF('4.11'!C:C, C3, '4.11'!E:E), 0)+IFERROR(SUMIF('4.12'!C:C, C3, '4.12'!E:E), 0)+IFERROR(SUMIF('4.13'!C:C, C3, '4.13'!E:E), 0)+IFERROR(SUMIF('4.14'!C:C, C3, '4.14'!E:E), 0)+IFERROR(SUMIF('4.15'!C:C, C3, '4.15'!E:E), 0)+IFERROR(SUMIF('4.16'!C:C, C3, '4.16'!E:E), 0)+IFERROR(SUMIF('4.17'!C:C, C3, '4.17'!E:E), 0)+IFERROR(SUMIF('4.18'!C:C, C3, '4.18'!E:E), 0)+IFERROR(SUMIF('4.19'!C:C, C3, '4.19'!E:E), 0)+IFERROR(SUMIF('4.20'!C:C, C3, '4.20'!E:E), 0)+IFERROR(SUMIF('4.21'!C:C, C3, '4.21'!E:E), 0)+IFERROR(SUMIF('4.22'!C:C, C3, '4.22'!E:E), 0)+IFERROR(SUMIF('4.23'!C:C, C3, '4.23'!E:E), 0)+IFERROR(SUMIF('4.24'!C:C, C3, '4.24'!E:E), 0)+IFERROR(SUMIF('4.25'!C:C, C3, '4.25'!E:E), 0)+IFERROR(SUMIF('4.26'!C:C, C3, '4.26'!E:E), 0)+IFERROR(SUMIF('4.27'!C:C, C3, '4.27'!E:E), 0)+IFERROR(SUMIF('4.28'!C:C, C3, '4.28'!E:E), 0)+IFERROR(SUMIF('4.29'!C:C, C3, '4.29'!E:E), 0)+IFERROR(SUMIF('4.30'!C:C, C3, '4.30'!E:E), 0)+IFERROR(SUMIF('5.1'!C:C, C3, '5.1'!E:E), 0)+IFERROR(SUMIF('5.2'!C:C, C3, '5.2'!E:E), 0)+IFERROR(SUMIF('5.3'!C:C, C3, '5.3'!E:E), 0)+IFERROR(SUMIF('5.4'!C:C, C3, '5.4'!E:E), 0)+IFERROR(SUMIF('5.5'!C:C, C3, '5.5'!E:E), 0)+IFERROR(SUMIF('5.6'!C:C, C3, '5.6'!E:E), 0)+IFERROR(SUMIF('5.7'!C:C, C3, '5.7'!E:E), 0)+IFERROR(SUMIF('5.8'!C:C, C3, '5.8'!E:E), 0)+IFERROR(SUMIF('5.9'!C:C, C3, '5.9'!E:E), 0)+IFERROR(SUMIF('5.10'!C:C, C3, '5.10'!E:E), 0)+IFERROR(SUMIF('5.11'!C:C, C3, '5.11'!E:E), 0)+IFERROR(SUMIF('5.12'!C:C, C3, '5.12'!E:E), 0)+IFERROR(SUMIF('5.13'!C:C, C3, '5.13'!E:E), 0)+IFERROR(SUMIF('5.14'!C:C, C3, '5.14'!E:E), 0)+IFERROR(SUMIF('5.15'!C:C, C3, '5.15'!E:E), 0)+IFERROR(SUMIF('5.16'!C:C, C3, '5.16'!E:E), 0)+IFERROR(SUMIF('5.17'!C:C, C3, '5.17'!E:E), 0)+IFERROR(SUMIF('5.18'!C:C, C3, '5.18'!E:E), 0)+IFERROR(SUMIF('5.19'!C:C, C3, '5.19'!E:E), 0)+IFERROR(SUMIF('5.20'!C:C, C3, '5.20'!E:E), 0)+IFERROR(SUMIF('5.21'!C:C, C3, '5.21'!E:E), 0)+IFERROR(SUMIF('5.22'!C:C, C3, '5.22'!E:E), 0)+IFERROR(SUMIF('5.23'!C:C, C3, '5.23'!E:E), 0)+IFERROR(SUMIF('5.24'!C:C, C3, '5.24'!E:E), 0)+IFERROR(SUMIF('5.25'!C:C, C3, '5.25'!E:E), 0)+IFERROR(SUMIF('5.26'!C:C, C3, '5.26'!E:E), 0)+IFERROR(SUMIF('5.27'!C:C, C3, '5.27'!E:E), 0)+IFERROR(SUMIF('5.28'!C:C, C3, '5.28'!E:E), 0)+IFERROR(SUMIF('5.29'!C:C, C3, '5.29'!E:E), 0)+IFERROR(SUMIF('5.30'!C:C, C3, '5.30'!E:E), 0)+IFERROR(SUMIF('5.31'!C:C, C3, '5.31'!E:E), 0)+IFERROR(SUMIF('6.1'!C:C, C3, '6.1'!E:E), 0)+IFERROR(SUMIF('6.2'!C:C, C3, '6.2'!E:E), 0)+IFERROR(SUMIF('6.3'!C:C, C3, '6.3'!E:E), 0)+IFERROR(SUMIF('6.4'!C:C, C3, '6.4'!E:E), 0)+IFERROR(SUMIF('6.5'!C:C, C3, '6.5'!E:E), 0)+IFERROR(SUMIF('6.6'!C:C, C3, '6.6'!E:E), 0)+IFERROR(SUMIF('6.7'!C:C, C3, '6.7'!E:E), 0)+IFERROR(SUMIF('6.8'!C:C, C3, '6.8'!E:E), 0)+IFERROR(SUMIF('6.9'!C:C, C3, '6.9'!E:E), 0)+IFERROR(SUMIF('6.10'!C:C, C3, '6.10'!E:E), 0)+IFERROR(SUMIF('6.11'!C:C, C3, '6.11'!E:E), 0)+IFERROR(SUMIF('6.12'!C:C, C3, '6.12'!E:E), 0)+IFERROR(SUMIF('6.13'!C:C, C3, '6.13'!E:E), 0)+IFERROR(SUMIF('6.14'!C:C, C3, '6.14'!E:E), 0)+IFERROR(SUMIF('6.15'!C:C, C3, '6.15'!E:E), 0)+IFERROR(SUMIF('6.16'!C:C, C3, '6.16'!E:E), 0)+IFERROR(SUMIF('6.17'!C:C, C3, '6.17'!E:E), 0)+IFERROR(SUMIF('6.18'!C:C, C3, '6.18'!E:E), 0)+IFERROR(SUMIF('6.19'!C:C, C3, '6.19'!E:E), 0)+IFERROR(SUMIF('6.20'!C:C, C3, '6.20'!E:E), 0)+IFERROR(SUMIF('6.21'!C:C, C3, '6.21'!E:E), 0)+IFERROR(SUMIF('6.22'!C:C, C3, '6.22'!E:E), 0)+IFERROR(SUMIF('6.23'!C:C, C3, '6.23'!E:E), 0)+IFERROR(SUMIF('6.24'!C:C, C3, '6.24'!E:E), 0)+IFERROR(SUMIF('6.25'!C:C, C3, '6.25'!E:E), 0)+IFERROR(SUMIF('6.26'!C:C, C3, '6.26'!E:E), 0)+IFERROR(SUMIF('6.27'!C:C, C3, '6.27'!E:E), 0)+IFERROR(SUMIF('6.28'!C:C, C3, '6.28'!E:E), 0)+IFERROR(SUMIF('6.29'!C:C, C3, '6.29'!E:E), 0)+IFERROR(SUMIF('6.30'!C:C, C3, '6.30'!E:E), 0)+IFERROR(SUMIF('7.1'!C:C, C3, '7.1'!E:E), 0)+IFERROR(SUMIF('7.2'!C:C, C3, '7.2'!E:E), 0)+IFERROR(SUMIF('7.3'!C:C, C3, '7.3'!E:E), 0)+IFERROR(SUMIF('7.4'!C:C, C3, '7.4'!E:E), 0)+IFERROR(SUMIF('7.5'!C:C, C3, '7.5'!E:E), 0)+IFERROR(SUMIF('7.6'!C:C, C3, '7.6'!E:E), 0)+IFERROR(SUMIF('7.7'!C:C, C3, '7.7'!E:E), 0)+IFERROR(SUMIF('7.8'!C:C, C3, '7.8'!E:E), 0)+IFERROR(SUMIF('7.9'!C:C, C3, '7.9'!E:E), 0)+IFERROR(SUMIF('7.10'!C:C, C3, '7.10'!E:E), 0)+IFERROR(SUMIF('7.11'!C:C, C3, '7.11'!E:E), 0)+IFERROR(SUMIF('7.12'!C:C, C3, '7.12'!E:E), 0)+IFERROR(SUMIF('7.13'!C:C, C3, '7.13'!E:E), 0)+IFERROR(SUMIF('7.14'!C:C, C3, '7.14'!E:E), 0)+IFERROR(SUMIF('7.15'!C:C, C3, '7.15'!E:E), 0)+IFERROR(SUMIF('7.16'!C:C, C3, '7.16'!E:E), 0)+IFERROR(SUMIF('7.17'!C:C, C3, '7.17'!E:E), 0)+IFERROR(SUMIF('7.18'!C:C, C3, '7.18'!E:E), 0)+IFERROR(SUMIF('7.19'!C:C, C3, '7.19'!E:E), 0)+IFERROR(SUMIF('7.20'!C:C, C3, '7.20'!E:E), 0)+IFERROR(SUMIF('7.21'!C:C, C3, '7.21'!E:E), 0)+IFERROR(SUMIF('7.22'!C:C, C3, '7.22'!E:E), 0)+IFERROR(SUMIF('7.23'!C:C, C3, '7.23'!E:E), 0)+IFERROR(SUMIF('7.24'!C:C, C3, '7.24'!E:E), 0)+IFERROR(SUMIF('7.25'!C:C, C3, '7.25'!E:E), 0)+IFERROR(SUMIF('7.26'!C:C, C3, '7.26'!E:E), 0)+IFERROR(SUMIF('7.27'!C:C, C3, '7.27'!E:E), 0)+IFERROR(SUMIF('7.28'!C:C, C3, '7.28'!E:E), 0)+IFERROR(SUMIF('7.29'!C:C, C3, '7.29'!E:E), 0)+IFERROR(SUMIF('7.30'!C:C, C3, '7.30'!E:E), 0)+IFERROR(SUMIF('7.31'!C:C, C3, '7.31'!E:E), 0)+IFERROR(SUMIF('8.1'!C:C, C3, '8.1'!E:E), 0)+IFERROR(SUMIF('8.2'!C:C, C3, '8.2'!E:E), 0)+IFERROR(SUMIF('8.3'!C:C, C3, '8.3'!E:E), 0)+IFERROR(SUMIF('8.4'!C:C, C3, '8.4'!E:E), 0)+IFERROR(SUMIF('8.5'!C:C, C3, '8.5'!E:E), 0)+IFERROR(SUMIF('8.6'!C:C, C3, '8.6'!E:E), 0)+IFERROR(SUMIF('8.7'!C:C, C3, '8.7'!E:E), 0)+IFERROR(SUMIF('8.8'!C:C, C3, '8.8'!E:E), 0)+IFERROR(SUMIF('8.9'!C:C, C3, '8.9'!E:E), 0)+IFERROR(SUMIF('8.10'!C:C, C3, '8.10'!E:E), 0)+IFERROR(SUMIF('8.11'!C:C, C3, '8.11'!E:E), 0)+IFERROR(SUMIF('8.12'!C:C, C3, '8.12'!E:E), 0)+IFERROR(SUMIF('8.13'!C:C, C3, '8.13'!E:E), 0)+IFERROR(SUMIF('8.14'!C:C, C3, '8.14'!E:E), 0)+IFERROR(SUMIF('8.15'!C:C, C3, '8.15'!E:E), 0)+IFERROR(SUMIF('8.16'!C:C, C3, '8.16'!E:E), 0)+IFERROR(SUMIF('8.17'!C:C, C3, '8.17'!E:E), 0)+IFERROR(SUMIF('8.18'!C:C, C3, '8.18'!E:E), 0)+IFERROR(SUMIF('8.19'!C:C, C3, '8.19'!E:E), 0)+IFERROR(SUMIF('8.20'!C:C, C3, '8.20'!E:E), 0)+IFERROR(SUMIF('8.21'!C:C, C3, '8.21'!E:E), 0)+IFERROR(SUMIF('8.22'!C:C, C3, '8.22'!E:E), 0)+IFERROR(SUMIF('8.23'!C:C, C3, '8.23'!E:E), 0)+IFERROR(SUMIF('8.24'!C:C, C3, '8.24'!E:E), 0)+IFERROR(SUMIF('8.25'!C:C, C3, '8.25'!E:E), 0)+IFERROR(SUMIF('8.26'!C:C, C3, '8.26'!E:E), 0)+IFERROR(SUMIF('8.27'!C:C, C3, '8.27'!E:E), 0)+IFERROR(SUMIF('8.28'!C:C, C3, '8.28'!E:E), 0)+IFERROR(SUMIF('8.29'!C:C, C3, '8.29'!E:E), 0)+IFERROR(SUMIF('8.30'!C:C, C3, '8.30'!E:E), 0)+IFERROR(SUMIF('8.31'!C:C, C3, '8.31'!E:E), 0)+IFERROR(SUMIF('9.1'!C:C, C3, '9.1'!E:E), 0)+IFERROR(SUMIF('9.2'!C:C, C3, '9.2'!E:E), 0)+IFERROR(SUMIF('9.3'!C:C, C3, '9.3'!E:E), 0)+IFERROR(SUMIF('9.4'!C:C, C3, '9.4'!E:E), 0)+IFERROR(SUMIF('9.5'!C:C, C3, '9.5'!E:E), 0)+IFERROR(SUMIF('9.6'!C:C, C3, '9.6'!E:E), 0)+IFERROR(SUMIF('9.7'!C:C, C3, '9.7'!E:E), 0)+IFERROR(SUMIF('9.8'!C:C, C3, '9.8'!E:E), 0)+IFERROR(SUMIF('9.9'!C:C, C3, '9.9'!E:E), 0)+IFERROR(SUMIF('9.10'!C:C, C3, '9.10'!E:E), 0)+IFERROR(SUMIF('9.11'!C:C, C3, '9.11'!E:E), 0)+IFERROR(SUMIF('9.12'!C:C, C3, '9.12'!E:E), 0)+IFERROR(SUMIF('9.13'!C:C, C3, '9.13'!E:E), 0)+IFERROR(SUMIF('9.14'!C:C, C3, '9.14'!E:E), 0)+IFERROR(SUMIF('9.15'!C:C, C3, '9.15'!E:E), 0)+IFERROR(SUMIF('9.16'!C:C, C3, '9.16'!E:E), 0)+IFERROR(SUMIF('9.17'!C:C, C3, '9.17'!E:E), 0)+IFERROR(SUMIF('9.18'!C:C, C3, '9.18'!E:E), 0)+IFERROR(SUMIF('9.19'!C:C, C3, '9.19'!E:E), 0)+IFERROR(SUMIF('9.20'!C:C, C3, '9.20'!E:E), 0)+IFERROR(SUMIF('9.21'!C:C, C3, '9.21'!E:E), 0)+IFERROR(SUMIF('9.22'!C:C, C3, '9.22'!E:E), 0)+IFERROR(SUMIF('9.23'!C:C, C3, '9.23'!E:E), 0)+IFERROR(SUMIF('9.24'!C:C, C3, '9.24'!E:E), 0)+IFERROR(SUMIF('9.25'!C:C, C3, '9.25'!E:E), 0)+IFERROR(SUMIF('9.26'!C:C, C3, '9.26'!E:E), 0)+IFERROR(SUMIF('9.27'!C:C, C3, '9.27'!E:E), 0)+IFERROR(SUMIF('9.28'!C:C, C3, '9.28'!E:E), 0)+IFERROR(SUMIF('9.29'!C:C, C3, '9.29'!E:E), 0)+IFERROR(SUMIF('9.30'!C:C, C3, '9.30'!E:E), 0)+IFERROR(SUMIF('10.1'!C:C, C3, '10.1'!E:E), 0)+IFERROR(SUMIF('10.2'!C:C, C3, '10.2'!E:E), 0)+IFERROR(SUMIF('10.3'!C:C, C3, '10.3'!E:E), 0)+IFERROR(SUMIF('10.4'!C:C, C3, '10.4'!E:E), 0)+IFERROR(SUMIF('10.5'!C:C, C3, '10.5'!E:E), 0)+IFERROR(SUMIF('10.6'!C:C, C3, '10.6'!E:E), 0)+IFERROR(SUMIF('10.7'!C:C, C3, '10.7'!E:E), 0)+IFERROR(SUMIF('10.8'!C:C, C3, '10.8'!E:E), 0)+IFERROR(SUMIF('10.9'!C:C, C3, '10.9'!E:E), 0)+IFERROR(SUMIF('10.10'!C:C, C3, '10.10'!E:E), 0)+IFERROR(SUMIF('10.11'!C:C, C3, '10.11'!E:E), 0)+IFERROR(SUMIF('10.12'!C:C, C3, '10.12'!E:E), 0)+IFERROR(SUMIF('10.13'!C:C, C3, '10.13'!E:E), 0)+IFERROR(SUMIF('10.14'!C:C, C3, '10.14'!E:E), 0)+IFERROR(SUMIF('10.15'!C:C, C3, '10.15'!E:E), 0)+IFERROR(SUMIF('10.16'!C:C, C3, '10.16'!E:E), 0)+IFERROR(SUMIF('10.17'!C:C, C3, '10.17'!E:E), 0)+IFERROR(SUMIF('10.18'!C:C, C3, '10.18'!E:E), 0)+IFERROR(SUMIF('10.19'!C:C, C3, '10.19'!E:E), 0)+IFERROR(SUMIF('10.20'!C:C, C3, '10.20'!E:E), 0)+IFERROR(SUMIF('10.21'!C:C, C3, '10.21'!E:E), 0)+IFERROR(SUMIF('10.22'!C:C, C3, '10.22'!E:E), 0)+IFERROR(SUMIF('10.23'!C:C, C3, '10.23'!E:E), 0)+IFERROR(SUMIF('10.24'!C:C, C3, '10.24'!E:E), 0)+IFERROR(SUMIF('10.25'!C:C, C3, '10.25'!E:E), 0)+IFERROR(SUMIF('10.26'!C:C, C3, '10.26'!E:E), 0)+IFERROR(SUMIF('10.27'!C:C, C3, '10.27'!E:E), 0)+IFERROR(SUMIF('10.28'!C:C, C3, '10.28'!E:E), 0)+IFERROR(SUMIF('10.29'!C:C, C3, '10.29'!E:E), 0)+IFERROR(SUMIF('10.30'!C:C, C3, '10.30'!E:E), 0)+IFERROR(SUMIF('10.31'!C:C, C3, '10.31'!E:E), 0)+IFERROR(SUMIF('11.1'!C:C, C3, '11.1'!E:E), 0)+IFERROR(SUMIF('11.2'!C:C, C3, '11.2'!E:E), 0)+IFERROR(SUMIF('11.3'!C:C, C3, '11.3'!E:E), 0)+IFERROR(SUMIF('11.4'!C:C, C3, '11.4'!E:E), 0)+IFERROR(SUMIF('11.5'!C:C, C3, '11.5'!E:E), 0)+IFERROR(SUMIF('11.6'!C:C, C3, '11.6'!E:E), 0)+IFERROR(SUMIF('11.7'!C:C, C3, '11.7'!E:E), 0)+IFERROR(SUMIF('11.8'!C:C, C3, '11.8'!E:E), 0)+IFERROR(SUMIF('11.9'!C:C, C3, '11.9'!E:E), 0)+IFERROR(SUMIF('11.10'!C:C, C3, '11.10'!E:E), 0)+IFERROR(SUMIF('11.11'!C:C, C3, '11.11'!E:E), 0)+IFERROR(SUMIF('11.12'!C:C, C3, '11.12'!E:E), 0)+IFERROR(SUMIF('11.13'!C:C, C3, '11.13'!E:E), 0)+IFERROR(SUMIF('11.14'!C:C, C3, '11.14'!E:E), 0)+IFERROR(SUMIF('11.15'!C:C, C3, '11.15'!E:E), 0)+IFERROR(SUMIF('11.16'!C:C, C3, '11.16'!E:E), 0)+IFERROR(SUMIF('11.17'!C:C, C3, '11.17'!E:E), 0)+IFERROR(SUMIF('11.18'!C:C, C3, '11.18'!E:E), 0)+IFERROR(SUMIF('11.19'!C:C, C3, '11.19'!E:E), 0)+IFERROR(SUMIF('11.20'!C:C, C3, '11.20'!E:E), 0)+IFERROR(SUMIF('11.21'!C:C, C3, '11.21'!E:E), 0)+IFERROR(SUMIF('11.22'!C:C, C3, '11.22'!E:E), 0)+IFERROR(SUMIF('11.23'!C:C, C3, '11.23'!E:E), 0)+IFERROR(SUMIF('11.24'!C:C, C3, '11.24'!E:E), 0)+IFERROR(SUMIF('11.25'!C:C, C3, '11.25'!E:E), 0)+IFERROR(SUMIF('11.26'!C:C, C3, '11.26'!E:E), 0)+IFERROR(SUMIF('11.27'!C:C, C3, '11.27'!E:E), 0)+IFERROR(SUMIF('11.28'!C:C, C3, '11.28'!E:E), 0)+IFERROR(SUMIF('11.29'!C:C, C3, '11.29'!E:E), 0)+IFERROR(SUMIF('11.30'!C:C, C3, '11.30'!E:E), 0)+IFERROR(SUMIF('12.1'!C:C, C3, '12.1'!E:E), 0)+IFERROR(SUMIF('12.2'!C:C, C3, '12.2'!E:E), 0)+IFERROR(SUMIF('12.3'!C:C, C3, '12.3'!E:E), 0)+IFERROR(SUMIF('12.4'!C:C, C3, '12.4'!E:E), 0)+IFERROR(SUMIF('12.5'!C:C, C3, '12.5'!E:E), 0)+IFERROR(SUMIF('12.6'!C:C, C3, '12.6'!E:E), 0)+IFERROR(SUMIF('12.7'!C:C, C3, '12.7'!E:E), 0)+IFERROR(SUMIF('12.8'!C:C, C3, '12.8'!E:E), 0)+IFERROR(SUMIF('12.9'!C:C, C3, '12.9'!E:E), 0)+IFERROR(SUMIF('12.10'!C:C, C3, '12.10'!E:E), 0)+IFERROR(SUMIF('12.11'!C:C, C3, '12.11'!E:E), 0)+IFERROR(SUMIF('12.12'!C:C, C3, '12.12'!E:E), 0)+IFERROR(SUMIF('12.13'!C:C, C3, '12.13'!E:E), 0)+IFERROR(SUMIF('12.14'!C:C, C3, '12.14'!E:E), 0)+IFERROR(SUMIF('12.15'!C:C, C3, '12.15'!E:E), 0)+IFERROR(SUMIF('12.16'!C:C, C3, '12.16'!E:E), 0)+IFERROR(SUMIF('12.17'!C:C, C3, '12.17'!E:E), 0)+IFERROR(SUMIF('12.18'!C:C, C3, '12.18'!E:E), 0)+IFERROR(SUMIF('12.19'!C:C, C3, '12.19'!E:E), 0)+IFERROR(SUMIF('12.20'!C:C, C3, '12.20'!E:E), 0)+IFERROR(SUMIF('12.21'!C:C, C3, '12.21'!E:E), 0)+IFERROR(SUMIF('12.22'!C:C, C3, '12.22'!E:E), 0)+IFERROR(SUMIF('12.23'!C:C, C3, '12.23'!E:E), 0)+IFERROR(SUMIF('12.24'!C:C, C3, '12.24'!E:E), 0)+IFERROR(SUMIF('12.25'!C:C, C3, '12.25'!E:E), 0)+IFERROR(SUMIF('12.26'!C:C, C3, '12.26'!E:E), 0)+IFERROR(SUMIF('12.27'!C:C, C3, '12.27'!E:E), 0)+IFERROR(SUMIF('12.28'!C:C, C3, '12.28'!E:E), 0)+IFERROR(SUMIF('12.29'!C:C, C3, '12.29'!E:E), 0)+IFERROR(SUMIF('12.30'!C:C, C3, '12.30'!E:E), 0)+IFERROR(SUMIF('12.31'!C:C, C3, '12.31'!E:E), 0) -> 0 | G3: =IFERROR(SUMIF('1.1'!C:C, C3, '1.1'!G:G), 0)+IFERROR(SUMIF('1.2'!C:C, C3, '1.2'!G:G), 0)+IFERROR(SUMIF('1.3'!C:C, C3, '1.3'!G:G), 0)+IFERROR(SUMIF('1.4'!C:C, C3, '1.4'!G:G), 0)+IFERROR(SUMIF('1.5'!C:C, C3, '1.5'!G:G), 0)+IFERROR(SUMIF('1.6'!C:C, C3, '1.6'!G:G), 0)+IFERROR(SUMIF('1.7'!C:C, C3, '1.7'!G:G), 0)+IFERROR(SUMIF('1.8'!C:C, C3, '1.8'!G:G), 0)+IFERROR(SUMIF('1.9'!C:C, C3, '1.9'!G:G), 0)+IFERROR(SUMIF('1.10'!C:C, C3, '1.10'!G:G), 0)+IFERROR(SUMIF('1.11'!C:C, C3, '1.11'!G:G), 0)+IFERROR(SUMIF('1.12'!C:C, C3, '1.12'!G:G), 0)+IFERROR(SUMIF('1.13'!C:C, C3, '1.13'!G:G), 0)+IFERROR(SUMIF('1.14'!C:C, C3, '1.14'!G:G), 0)+IFERROR(SUMIF('1.15'!C:C, C3, '1.15'!G:G), 0)+IFERROR(SUMIF('1.16'!C:C, C3, '1.16'!G:G), 0)+IFERROR(SUMIF('1.17'!C:C, C3, '1.17'!G:G), 0)+IFERROR(SUMIF('1.18'!C:C, C3, '1.18'!G:G), 0)+IFERROR(SUMIF('1.19'!C:C, C3, '1.19'!G:G), 0)+IFERROR(SUMIF('1.20'!C:C, C3, '1.20'!G:G), 0)+IFERROR(SUMIF('1.21'!C:C, C3, '1.21'!G:G), 0)+IFERROR(SUMIF('1.22'!C:C, C3, '1.22'!G:G), 0)+IFERROR(SUMIF('1.23'!C:C, C3, '1.23'!G:G), 0)+IFERROR(SUMIF('1.24'!C:C, C3, '1.24'!G:G), 0)+IFERROR(SUMIF('1.25'!C:C, C3, '1.25'!G:G), 0)+IFERROR(SUMIF('1.26'!C:C, C3, '1.26'!G:G), 0)+IFERROR(SUMIF('1.27'!C:C, C3, '1.27'!G:G), 0)+IFERROR(SUMIF('1.28'!C:C, C3, '1.28'!G:G), 0)+IFERROR(SUMIF('1.29'!C:C, C3, '1.29'!G:G), 0)+IFERROR(SUMIF('1.30'!C:C, C3, '1.30'!G:G), 0)+IFERROR(SUMIF('1.31'!C:C, C3, '1.31'!G:G), 0)+IFERROR(SUMIF('2.1'!C:C, C3, '2.1'!G:G), 0)+IFERROR(SUMIF('2.2'!C:C, C3, '2.2'!G:G), 0)+IFERROR(SUMIF('2.3'!C:C, C3, '2.3'!G:G), 0)+IFERROR(SUMIF('2.4'!C:C, C3, '2.4'!G:G), 0)+IFERROR(SUMIF('2.5'!C:C, C3, '2.5'!G:G), 0)+IFERROR(SUMIF('2.6'!C:C, C3, '2.6'!G:G), 0)+IFERROR(SUMIF('2.7'!C:C, C3, '2.7'!G:G), 0)+IFERROR(SUMIF('2.8'!C:C, C3, '2.8'!G:G), 0)+IFERROR(SUMIF('2.9'!C:C, C3, '2.9'!G:G), 0)+IFERROR(SUMIF('2.10'!C:C, C3, '2.10'!G:G), 0)+IFERROR(SUMIF('2.11'!C:C, C3, '2.11'!G:G), 0)+IFERROR(SUMIF('2.12'!C:C, C3, '2.12'!G:G), 0)+IFERROR(SUMIF('2.13'!C:C, C3, '2.13'!G:G), 0)+IFERROR(SUMIF('2.14'!C:C, C3, '2.14'!G:G), 0)+IFERROR(SUMIF('2.15'!C:C, C3, '2.15'!G:G), 0)+IFERROR(SUMIF('2.16'!C:C, C3, '2.16'!G:G), 0)+IFERROR(SUMIF('2.17'!C:C, C3, '2.17'!G:G), 0)+IFERROR(SUMIF('2.18'!C:C, C3, '2.18'!G:G), 0)+IFERROR(SUMIF('2.19'!C:C, C3, '2.19'!G:G), 0)+IFERROR(SUMIF('2.20'!C:C, C3, '2.20'!G:G), 0)+IFERROR(SUMIF('2.21'!C:C, C3, '2.21'!G:G), 0)+IFERROR(SUMIF('2.22'!C:C, C3, '2.22'!G:G), 0)+IFERROR(SUMIF('2.23'!C:C, C3, '2.23'!G:G), 0)+IFERROR(SUMIF('2.24'!C:C, C3, '2.24'!G:G), 0)+IFERROR(SUMIF('2.25'!C:C, C3, '2.25'!G:G), 0)+IFERROR(SUMIF('2.26'!C:C, C3, '2.26'!G:G), 0)+IFERROR(SUMIF('2.27'!C:C, C3, '2.27'!G:G), 0)+IFERROR(SUMIF('2.28'!C:C, C3, '2.28'!G:G), 0)+IFERROR(SUMIF('3.1'!C:C, C3, '3.1'!G:G), 0)+IFERROR(SUMIF('3.2'!C:C, C3, '3.2'!G:G), 0)+IFERROR(SUMIF('3.3'!C:C, C3, '3.3'!G:G), 0)+IFERROR(SUMIF('3.4'!C:C, C3, '3.4'!G:G), 0)+IFERROR(SUMIF('3.5'!C:C, C3, '3.5'!G:G), 0)+IFERROR(SUMIF('3.6'!C:C, C3, '3.6'!G:G), 0)+IFERROR(SUMIF('3.7'!C:C, C3, '3.7'!G:G), 0)+IFERROR(SUMIF('3.8'!C:C, C3, '3.8'!G:G), 0)+IFERROR(SUMIF('3.9'!C:C, C3, '3.9'!G:G), 0)+IFERROR(SUMIF('3.10'!C:C, C3, '3.10'!G:G), 0)+IFERROR(SUMIF('3.11'!C:C, C3, '3.11'!G:G), 0)+IFERROR(SUMIF('3.12'!C:C, C3, '3.12'!G:G), 0)+IFERROR(SUMIF('3.13'!C:C, C3, '3.13'!G:G), 0)+IFERROR(SUMIF('3.14'!C:C, C3, '3.14'!G:G), 0)+IFERROR(SUMIF('3.15'!C:C, C3, '3.15'!G:G), 0)+IFERROR(SUMIF('3.16'!C:C, C3, '3.16'!G:G), 0)+IFERROR(SUMIF('3.17'!C:C, C3, '3.17'!G:G), 0)+IFERROR(SUMIF('3.18'!C:C, C3, '3.18'!G:G), 0)+IFERROR(SUMIF('3.19'!C:C, C3, '3.19'!G:G), 0)+IFERROR(SUMIF('3.20'!C:C, C3, '3.20'!G:G), 0)+IFERROR(SUMIF('3.21'!C:C, C3, '3.21'!G:G), 0)+IFERROR(SUMIF('3.22'!C:C, C3, '3.22'!G:G), 0)+IFERROR(SUMIF('3.23'!C:C, C3, '3.23'!G:G), 0)+IFERROR(SUMIF('3.24'!C:C, C3, '3.24'!G:G), 0)+IFERROR(SUMIF('3.25'!C:C, C3, '3.25'!G:G), 0)+IFERROR(SUMIF('3.26'!C:C, C3, '3.26'!G:G), 0)+IFERROR(SUMIF('3.27'!C:C, C3, '3.27'!G:G), 0)+IFERROR(SUMIF('3.28'!C:C, C3, '3.28'!G:G), 0)+IFERROR(SUMIF('3.29'!C:C, C3, '3.29'!G:G), 0)+IFERROR(SUMIF('3.30'!C:C, C3, '3.30'!G:G), 0)+IFERROR(SUMIF('3.31'!C:C, C3, '3.31'!G:G), 0)+IFERROR(SUMIF('4.1'!C:C, C3, '4.1'!G:G), 0)+IFERROR(SUMIF('4.2'!C:C, C3, '4.2'!G:G), 0)+IFERROR(SUMIF('4.3'!C:C, C3, '4.3'!G:G), 0)+IFERROR(SUMIF('4.4'!C:C, C3, '4.4'!G:G), 0)+IFERROR(SUMIF('4.5'!C:C, C3, '4.5'!G:G), 0)+IFERROR(SUMIF('4.6'!C:C, C3, '4.6'!G:G), 0)+IFERROR(SUMIF('4.7'!C:C, C3, '4.7'!G:G), 0)+IFERROR(SUMIF('4.8'!C:C, C3, '4.8'!G:G), 0)+IFERROR(SUMIF('4.9'!C:C, C3, '4.9'!G:G), 0)+IFERROR(SUMIF('4.10'!C:C, C3, '4.10'!G:G), 0)+IFERROR(SUMIF('4.11'!C:C, C3, '4.11'!G:G), 0)+IFERROR(SUMIF('4.12'!C:C, C3, '4.12'!G:G), 0)+IFERROR(SUMIF('4.13'!C:C, C3, '4.13'!G:G), 0)+IFERROR(SUMIF('4.14'!C:C, C3, '4.14'!G:G), 0)+IFERROR(SUMIF('4.15'!C:C, C3, '4.15'!G:G), 0)+IFERROR(SUMIF('4.16'!C:C, C3, '4.16'!G:G), 0)+IFERROR(SUMIF('4.17'!C:C, C3, '4.17'!G:G), 0)+IFERROR(SUMIF('4.18'!C:C, C3, '4.18'!G:G), 0)+IFERROR(SUMIF('4.19'!C:C, C3, '4.19'!G:G), 0)+IFERROR(SUMIF('4.20'!C:C, C3, '4.20'!G:G), 0)+IFERROR(SUMIF('4.21'!C:C, C3, '4.21'!G:G), 0)+IFERROR(SUMIF('4.22'!C:C, C3, '4.22'!G:G), 0)+IFERROR(SUMIF('4.23'!C:C, C3, '4.23'!G:G), 0)+IFERROR(SUMIF('4.24'!C:C, C3, '4.24'!G:G), 0)+IFERROR(SUMIF('4.25'!C:C, C3, '4.25'!G:G), 0)+IFERROR(SUMIF('4.26'!C:C, C3, '4.26'!G:G), 0)+IFERROR(SUMIF('4.27'!C:C, C3, '4.27'!G:G), 0)+IFERROR(SUMIF('4.28'!C:C, C3, '4.28'!G:G), 0)+IFERROR(SUMIF('4.29'!C:C, C3, '4.29'!G:G), 0)+IFERROR(SUMIF('4.30'!C:C, C3, '4.30'!G:G), 0)+IFERROR(SUMIF('5.1'!C:C, C3, '5.1'!G:G), 0)+IFERROR(SUMIF('5.2'!C:C, C3, '5.2'!G:G), 0)+IFERROR(SUMIF('5.3'!C:C, C3, '5.3'!G:G), 0)+IFERROR(SUMIF('5.4'!C:C, C3, '5.4'!G:G), 0)+IFERROR(SUMIF('5.5'!C:C, C3, '5.5'!G:G), 0)+IFERROR(SUMIF('5.6'!C:C, C3, '5.6'!G:G), 0)+IFERROR(SUMIF('5.7'!C:C, C3, '5.7'!G:G), 0)+IFERROR(SUMIF('5.8'!C:C, C3, '5.8'!G:G), 0)+IFERROR(SUMIF('5.9'!C:C, C3, '5.9'!G:G), 0)+IFERROR(SUMIF('5.10'!C:C, C3, '5.10'!G:G), 0)+IFERROR(SUMIF('5.11'!C:C, C3, '5.11'!G:G), 0)+IFERROR(SUMIF('5.12'!C:C, C3, '5.12'!G:G), 0)+IFERROR(SUMIF('5.13'!C:C, C3, '5.13'!G:G), 0)+IFERROR(SUMIF('5.14'!C:C, C3, '5.14'!G:G), 0)+IFERROR(SUMIF('5.15'!C:C, C3, '5.15'!G:G), 0)+IFERROR(SUMIF('5.16'!C:C, C3, '5.16'!G:G), 0)+IFERROR(SUMIF('5.17'!C:C, C3, '5.17'!G:G), 0)+IFERROR(SUMIF('5.18'!C:C, C3, '5.18'!G:G), 0)+IFERROR(SUMIF('5.19'!C:C, C3, '5.19'!G:G), 0)+IFERROR(SUMIF('5.20'!C:C, C3, '5.20'!G:G), 0)+IFERROR(SUMIF('5.21'!C:C, C3, '5.21'!G:G), 0)+IFERROR(SUMIF('5.22'!C:C, C3, '5.22'!G:G), 0)+IFERROR(SUMIF('5.23'!C:C, C3, '5.23'!G:G), 0)+IFERROR(SUMIF('5.24'!C:C, C3, '5.24'!G:G), 0)+IFERROR(SUMIF('5.25'!C:C, C3, '5.25'!G:G), 0)+IFERROR(SUMIF('5.26'!C:C, C3, '5.26'!G:G), 0)+IFERROR(SUMIF('5.27'!C:C, C3, '5.27'!G:G), 0)+IFERROR(SUMIF('5.28'!C:C, C3, '5.28'!G:G), 0)+IFERROR(SUMIF('5.29'!C:C, C3, '5.29'!G:G), 0)+IFERROR(SUMIF('5.30'!C:C, C3, '5.30'!G:G), 0)+IFERROR(SUMIF('5.31'!C:C, C3, '5.31'!G:G), 0)+IFERROR(SUMIF('6.1'!C:C, C3, '6.1'!G:G), 0)+IFERROR(SUMIF('6.2'!C:C, C3, '6.2'!G:G), 0)+IFERROR(SUMIF('6.3'!C:C, C3, '6.3'!G:G), 0)+IFERROR(SUMIF('6.4'!C:C, C3, '6.4'!G:G), 0)+IFERROR(SUMIF('6.5'!C:C, C3, '6.5'!G:G), 0)+IFERROR(SUMIF('6.6'!C:C, C3, '6.6'!G:G), 0)+IFERROR(SUMIF('6.7'!C:C, C3, '6.7'!G:G), 0)+IFERROR(SUMIF('6.8'!C:C, C3, '6.8'!G:G), 0)+IFERROR(SUMIF('6.9'!C:C, C3, '6.9'!G:G), 0)+IFERROR(SUMIF('6.10'!C:C, C3, '6.10'!G:G), 0)+IFERROR(SUMIF('6.11'!C:C, C3, '6.11'!G:G), 0)+IFERROR(SUMIF('6.12'!C:C, C3, '6.12'!G:G), 0)+IFERROR(SUMIF('6.13'!C:C, C3, '6.13'!G:G), 0)+IFERROR(SUMIF('6.14'!C:C, C3, '6.14'!G:G), 0)+IFERROR(SUMIF('6.15'!C:C, C3, '6.15'!G:G), 0)+IFERROR(SUMIF('6.16'!C:C, C3, '6.16'!G:G), 0)+IFERROR(SUMIF('6.17'!C:C, C3, '6.17'!G:G), 0)+IFERROR(SUMIF('6.18'!C:C, C3, '6.18'!G:G), 0)+IFERROR(SUMIF('6.19'!C:C, C3, '6.19'!G:G), 0)+IFERROR(SUMIF('6.20'!C:C, C3, '6.20'!G:G), 0)+IFERROR(SUMIF('6.21'!C:C, C3, '6.21'!G:G), 0)+IFERROR(SUMIF('6.22'!C:C, C3, '6.22'!G:G), 0)+IFERROR(SUMIF('6.23'!C:C, C3, '6.23'!G:G), 0)+IFERROR(SUMIF('6.24'!C:C, C3, '6.24'!G:G), 0)+IFERROR(SUMIF('6.25'!C:C, C3, '6.25'!G:G), 0)+IFERROR(SUMIF('6.26'!C:C, C3, '6.26'!G:G), 0)+IFERROR(SUMIF('6.27'!C:C, C3, '6.27'!G:G), 0)+IFERROR(SUMIF('6.28'!C:C, C3, '6.28'!G:G), 0)+IFERROR(SUMIF('6.29'!C:C, C3, '6.29'!G:G), 0)+IFERROR(SUMIF('6.30'!C:C, C3, '6.30'!G:G), 0)+IFERROR(SUMIF('7.1'!C:C, C3, '7.1'!G:G), 0)+IFERROR(SUMIF('7.2'!C:C, C3, '7.2'!G:G), 0)+IFERROR(SUMIF('7.3'!C:C, C3, '7.3'!G:G), 0)+IFERROR(SUMIF('7.4'!C:C, C3, '7.4'!G:G), 0)+IFERROR(SUMIF('7.5'!C:C, C3, '7.5'!G:G), 0)+IFERROR(SUMIF('7.6'!C:C, C3, '7.6'!G:G), 0)+IFERROR(SUMIF('7.7'!C:C, C3, '7.7'!G:G), 0)+IFERROR(SUMIF('7.8'!C:C, C3, '7.8'!G:G), 0)+IFERROR(SUMIF('7.9'!C:C, C3, '7.9'!G:G), 0)+IFERROR(SUMIF('7.10'!C:C, C3, '7.10'!G:G), 0)+IFERROR(SUMIF('7.11'!C:C, C3, '7.11'!G:G), 0)+IFERROR(SUMIF('7.12'!C:C, C3, '7.12'!G:G), 0)+IFERROR(SUMIF('7.13'!C:C, C3, '7.13'!G:G), 0)+IFERROR(SUMIF('7.14'!C:C, C3, '7.14'!G:G), 0)+IFERROR(SUMIF('7.15'!C:C, C3, '7.15'!G:G), 0)+IFERROR(SUMIF('7.16'!C:C, C3, '7.16'!G:G), 0)+IFERROR(SUMIF('7.17'!C:C, C3, '7.17'!G:G), 0)+IFERROR(SUMIF('7.18'!C:C, C3, '7.18'!G:G), 0)+IFERROR(SUMIF('7.19'!C:C, C3, '7.19'!G:G), 0)+IFERROR(SUMIF('7.20'!C:C, C3, '7.20'!G:G), 0)+IFERROR(SUMIF('7.21'!C:C, C3, '7.21'!G:G), 0)+IFERROR(SUMIF('7.22'!C:C, C3, '7.22'!G:G), 0)+IFERROR(SUMIF('7.23'!C:C, C3, '7.23'!G:G), 0)+IFERROR(SUMIF('7.24'!C:C, C3, '7.24'!G:G), 0)+IFERROR(SUMIF('7.25'!C:C, C3, '7.25'!G:G), 0)+IFERROR(SUMIF('7.26'!C:C, C3, '7.26'!G:G), 0)+IFERROR(SUMIF('7.27'!C:C, C3, '7.27'!G:G), 0)+IFERROR(SUMIF('7.28'!C:C, C3, '7.28'!G:G), 0)+IFERROR(SUMIF('7.29'!C:C, C3, '7.29'!G:G), 0)+IFERROR(SUMIF('7.30'!C:C, C3, '7.30'!G:G), 0)+IFERROR(SUMIF('7.31'!C:C, C3, '7.31'!G:G), 0)+IFERROR(SUMIF('8.1'!C:C, C3, '8.1'!G:G), 0)+IFERROR(SUMIF('8.2'!C:C, C3, '8.2'!G:G), 0)+IFERROR(SUMIF('8.3'!C:C, C3, '8.3'!G:G), 0)+IFERROR(SUMIF('8.4'!C:C, C3, '8.4'!G:G), 0)+IFERROR(SUMIF('8.5'!C:C, C3, '8.5'!G:G), 0)+IFERROR(SUMIF('8.6'!C:C, C3, '8.6'!G:G), 0)+IFERROR(SUMIF('8.7'!C:C, C3, '8.7'!G:G), 0)+IFERROR(SUMIF('8.8'!C:C, C3, '8.8'!G:G), 0)+IFERROR(SUMIF('8.9'!C:C, C3, '8.9'!G:G), 0)+IFERROR(SUMIF('8.10'!C:C, C3, '8.10'!G:G), 0)+IFERROR(SUMIF('8.11'!C:C, C3, '8.11'!G:G), 0)+IFERROR(SUMIF('8.12'!C:C, C3, '8.12'!G:G), 0)+IFERROR(SUMIF('8.13'!C:C, C3, '8.13'!G:G), 0)+IFERROR(SUMIF('8.14'!C:C, C3, '8.14'!G:G), 0)+IFERROR(SUMIF('8.15'!C:C, C3, '8.15'!G:G), 0)+IFERROR(SUMIF('8.16'!C:C, C3, '8.16'!G:G), 0)+IFERROR(SUMIF('8.17'!C:C, C3, '8.17'!G:G), 0)+IFERROR(SUMIF('8.18'!C:C, C3, '8.18'!G:G), 0)+IFERROR(SUMIF('8.19'!C:C, C3, '8.19'!G:G), 0)+IFERROR(SUMIF('8.20'!C:C, C3, '8.20'!G:G), 0)+IFERROR(SUMIF('8.21'!C:C, C3, '8.21'!G:G), 0)+IFERROR(SUMIF('8.22'!C:C, C3, '8.22'!G:G), 0)+IFERROR(SUMIF('8.23'!C:C, C3, '8.23'!G:G), 0)+IFERROR(SUMIF('8.24'!C:C, C3, '8.24'!G:G), 0)+IFERROR(SUMIF('8.25'!C:C, C3, '8.25'!G:G), 0)+IFERROR(SUMIF('8.26'!C:C, C3, '8.26'!G:G), 0)+IFERROR(SUMIF('8.27'!C:C, C3, '8.27'!G:G), 0)+IFERROR(SUMIF('8.28'!C:C, C3, '8.28'!G:G), 0)+IFERROR(SUMIF('8.29'!C:C, C3, '8.29'!G:G), 0)+IFERROR(SUMIF('8.30'!C:C, C3, '8.30'!G:G), 0)+IFERROR(SUMIF('8.31'!C:C, C3, '8.31'!G:G), 0)+IFERROR(SUMIF('9.1'!C:C, C3, '9.1'!G:G), 0)+IFERROR(SUMIF('9.2'!C:C, C3, '9.2'!G:G), 0)+IFERROR(SUMIF('9.3'!C:C, C3, '9.3'!G:G), 0)+IFERROR(SUMIF('9.4'!C:C, C3, '9.4'!G:G), 0)+IFERROR(SUMIF('9.5'!C:C, C3, '9.5'!G:G), 0)+IFERROR(SUMIF('9.6'!C:C, C3, '9.6'!G:G), 0)+IFERROR(SUMIF('9.7'!C:C, C3, '9.7'!G:G), 0)+IFERROR(SUMIF('9.8'!C:C, C3, '9.8'!G:G), 0)+IFERROR(SUMIF('9.9'!C:C, C3, '9.9'!G:G), 0)+IFERROR(SUMIF('9.10'!C:C, C3, '9.10'!G:G), 0)+IFERROR(SUMIF('9.11'!C:C, C3, '9.11'!G:G), 0)+IFERROR(SUMIF('9.12'!C:C, C3, '9.12'!G:G), 0)+IFERROR(SUMIF('9.13'!C:C, C3, '9.13'!G:G), 0)+IFERROR(SUMIF('9.14'!C:C, C3, '9.14'!G:G), 0)+IFERROR(SUMIF('9.15'!C:C, C3, '9.15'!G:G), 0)+IFERROR(SUMIF('9.16'!C:C, C3, '9.16'!G:G), 0)+IFERROR(SUMIF('9.17'!C:C, C3, '9.17'!G:G), 0)+IFERROR(SUMIF('9.18'!C:C, C3, '9.18'!G:G), 0)+IFERROR(SUMIF('9.19'!C:C, C3, '9.19'!G:G), 0)+IFERROR(SUMIF('9.20'!C:C, C3, '9.20'!G:G), 0)+IFERROR(SUMIF('9.21'!C:C, C3, '9.21'!G:G), 0)+IFERROR(SUMIF('9.22'!C:C, C3, '9.22'!G:G), 0)+IFERROR(SUMIF('9.23'!C:C, C3, '9.23'!G:G), 0)+IFERROR(SUMIF('9.24'!C:C, C3, '9.24'!G:G), 0)+IFERROR(SUMIF('9.25'!C:C, C3, '9.25'!G:G), 0)+IFERROR(SUMIF('9.26'!C:C, C3, '9.26'!G:G), 0)+IFERROR(SUMIF('9.27'!C:C, C3, '9.27'!G:G), 0)+IFERROR(SUMIF('9.28'!C:C, C3, '9.28'!G:G), 0)+IFERROR(SUMIF('9.29'!C:C, C3, '9.29'!G:G), 0)+IFERROR(SUMIF('9.30'!C:C, C3, '9.30'!G:G), 0)+IFERROR(SUMIF('10.1'!C:C, C3, '10.1'!G:G), 0)+IFERROR(SUMIF('10.2'!C:C, C3, '10.2'!G:G), 0)+IFERROR(SUMIF('10.3'!C:C, C3, '10.3'!G:G), 0)+IFERROR(SUMIF('10.4'!C:C, C3, '10.4'!G:G), 0)+IFERROR(SUMIF('10.5'!C:C, C3, '10.5'!G:G), 0)+IFERROR(SUMIF('10.6'!C:C, C3, '10.6'!G:G), 0)+IFERROR(SUMIF('10.7'!C:C, C3, '10.7'!G:G), 0)+IFERROR(SUMIF('10.8'!C:C, C3, '10.8'!G:G), 0)+IFERROR(SUMIF('10.9'!C:C, C3, '10.9'!G:G), 0)+IFERROR(SUMIF('10.10'!C:C, C3, '10.10'!G:G), 0)+IFERROR(SUMIF('10.11'!C:C, C3, '10.11'!G:G), 0)+IFERROR(SUMIF('10.12'!C:C, C3, '10.12'!G:G), 0)+IFERROR(SUMIF('10.13'!C:C, C3, '10.13'!G:G), 0)+IFERROR(SUMIF('10.14'!C:C, C3, '10.14'!G:G), 0)+IFERROR(SUMIF('10.15'!C:C, C3, '10.15'!G:G), 0)+IFERROR(SUMIF('10.16'!C:C, C3, '10.16'!G:G), 0)+IFERROR(SUMIF('10.17'!C:C, C3, '10.17'!G:G), 0)+IFERROR(SUMIF('10.18'!C:C, C3, '10.18'!G:G), 0)+IFERROR(SUMIF('10.19'!C:C, C3, '10.19'!G:G), 0)+IFERROR(SUMIF('10.20'!C:C, C3, '10.20'!G:G), 0)+IFERROR(SUMIF('10.21'!C:C, C3, '10.21'!G:G), 0)+IFERROR(SUMIF('10.22'!C:C, C3, '10.22'!G:G), 0)+IFERROR(SUMIF('10.23'!C:C, C3, '10.23'!G:G), 0)+IFERROR(SUMIF('10.24'!C:C, C3, '10.24'!G:G), 0)+IFERROR(SUMIF('10.25'!C:C, C3, '10.25'!G:G), 0)+IFERROR(SUMIF('10.26'!C:C, C3, '10.26'!G:G), 0)+IFERROR(SUMIF('10.27'!C:C, C3, '10.27'!G:G), 0)+IFERROR(SUMIF('10.28'!C:C, C3, '10.28'!G:G), 0)+IFERROR(SUMIF('10.29'!C:C, C3, '10.29'!G:G), 0)+IFERROR(SUMIF('10.30'!C:C, C3, '10.30'!G:G), 0)+IFERROR(SUMIF('10.31'!C:C, C3, '10.31'!G:G), 0)+IFERROR(SUMIF('11.1'!C:C, C3, '11.1'!G:G), 0)+IFERROR(SUMIF('11.2'!C:C, C3, '11.2'!G:G), 0)+IFERROR(SUMIF('11.3'!C:C, C3, '11.3'!G:G), 0)+IFERROR(SUMIF('11.4'!C:C, C3, '11.4'!G:G), 0)+IFERROR(SUMIF('11.5'!C:C, C3, '11.5'!G:G), 0)+IFERROR(SUMIF('11.6'!C:C, C3, '11.6'!G:G), 0)+IFERROR(SUMIF('11.7'!C:C, C3, '11.7'!G:G), 0)+IFERROR(SUMIF('11.8'!C:C, C3, '11.8'!G:G), 0)+IFERROR(SUMIF('11.9'!C:C, C3, '11.9'!G:G), 0)+IFERROR(SUMIF('11.10'!C:C, C3, '11.10'!G:G), 0)+IFERROR(SUMIF('11.11'!C:C, C3, '11.11'!G:G), 0)+IFERROR(SUMIF('11.12'!C:C, C3, '11.12'!G:G), 0)+IFERROR(SUMIF('11.13'!C:C, C3, '11.13'!G:G), 0)+IFERROR(SUMIF('11.14'!C:C, C3, '11.14'!G:G), 0)+IFERROR(SUMIF('11.15'!C:C, C3, '11.15'!G:G), 0)+IFERROR(SUMIF('11.16'!C:C, C3, '11.16'!G:G), 0)+IFERROR(SUMIF('11.17'!C:C, C3, '11.17'!G:G), 0)+IFERROR(SUMIF('11.18'!C:C, C3, '11.18'!G:G), 0)+IFERROR(SUMIF('11.19'!C:C, C3, '11.19'!G:G), 0)+IFERROR(SUMIF('11.20'!C:C, C3, '11.20'!G:G), 0)+IFERROR(SUMIF('11.21'!C:C, C3, '11.21'!G:G), 0)+IFERROR(SUMIF('11.22'!C:C, C3, '11.22'!G:G), 0)+IFERROR(SUMIF('11.23'!C:C, C3, '11.23'!G:G), 0)+IFERROR(SUMIF('11.24'!C:C, C3, '11.24'!G:G), 0)+IFERROR(SUMIF('11.25'!C:C, C3, '11.25'!G:G), 0)+IFERROR(SUMIF('11.26'!C:C, C3, '11.26'!G:G), 0)+IFERROR(SUMIF('11.27'!C:C, C3, '11.27'!G:G), 0)+IFERROR(SUMIF('11.28'!C:C, C3, '11.28'!G:G), 0)+IFERROR(SUMIF('11.29'!C:C, C3, '11.29'!G:G), 0)+IFERROR(SUMIF('11.30'!C:C, C3, '11.30'!G:G), 0)+IFERROR(SUMIF('12.1'!C:C, C3, '12.1'!G:G), 0)+IFERROR(SUMIF('12.2'!C:C, C3, '12.2'!G:G), 0)+IFERROR(SUMIF('12.3'!C:C, C3, '12.3'!G:G), 0)+IFERROR(SUMIF('12.4'!C:C, C3, '12.4'!G:G), 0)+IFERROR(SUMIF('12.5'!C:C, C3, '12.5'!G:G), 0)+IFERROR(SUMIF('12.6'!C:C, C3, '12.6'!G:G), 0)+IFERROR(SUMIF('12.7'!C:C, C3, '12.7'!G:G), 0)+IFERROR(SUMIF('12.8'!C:C, C3, '12.8'!G:G), 0)+IFERROR(SUMIF('12.9'!C:C, C3, '12.9'!G:G), 0)+IFERROR(SUMIF('12.10'!C:C, C3, '12.10'!G:G), 0)+IFERROR(SUMIF('12.11'!C:C, C3, '12.11'!G:G), 0)+IFERROR(SUMIF('12.12'!C:C, C3, '12.12'!G:G), 0)+IFERROR(SUMIF('12.13'!C:C, C3, '12.13'!G:G), 0)+IFERROR(SUMIF('12.14'!C:C, C3, '12.14'!G:G), 0)+IFERROR(SUMIF('12.15'!C:C, C3, '12.15'!G:G), 0)+IFERROR(SUMIF('12.16'!C:C, C3, '12.16'!G:G), 0)+IFERROR(SUMIF('12.17'!C:C, C3, '12.17'!G:G), 0)+IFERROR(SUMIF('12.18'!C:C, C3, '12.18'!G:G), 0)+IFERROR(SUMIF('12.19'!C:C, C3, '12.19'!G:G), 0)+IFERROR(SUMIF('12.20'!C:C, C3, '12.20'!G:G), 0)+IFERROR(SUMIF('12.21'!C:C, C3, '12.21'!G:G), 0)+IFERROR(SUMIF('12.22'!C:C, C3, '12.22'!G:G), 0)+IFERROR(SUMIF('12.23'!C:C, C3, '12.23'!G:G), 0)+IFERROR(SUMIF('12.24'!C:C, C3, '12.24'!G:G), 0)+IFERROR(SUMIF('12.25'!C:C, C3, '12.25'!G:G), 0)+IFERROR(SUMIF('12.26'!C:C, C3, '12.26'!G:G), 0)+IFERROR(SUMIF('12.27'!C:C, C3, '12.27'!G:G), 0)+IFERROR(SUMIF('12.28'!C:C, C3, '12.28'!G:G), 0)+IFERROR(SUMIF('12.29'!C:C, C3, '12.29'!G:G), 0)+IFERROR(SUMIF('12.30'!C:C, C3, '12.30'!G:G), 0)+IFERROR(SUMIF('12.31'!C:C, C3, '12.31'!G:G), 0) -> 0 | H3: 供应商
A4: 1 | B4: Sawi | C4: 菜心 | D4: Frt & Veg/蔬果 | E4: bag / 袋 | F4: =IFERROR(SUMIF('1.1'!C:C, C4, '1.1'!E:E), 0)+IFERROR(SUMIF('1.2'!C:C, C4, '1.2'!E:E), 0)+IFERROR(SUMIF('1.3'!C:C, C4, '1.3'!E:E), 0)+IFERROR(SUMIF('1.4'!C:C, C4, '1.4'!E:E), 0)+IFERROR(SUMIF('1.5'!C:C, C4, '1.5'!E:E), 0)+IFERROR(SUMIF('1.6'!C:C, C4, '1.6'!E:E), 0)+IFERROR(SUMIF('1.7'!C:C, C4, '1.7'!E:E), 0)+IFERROR(SUMIF('1.8'!C:C, C4, '1.8'!E:E), 0)+IFERROR(SUMIF('1.9'!C:C, C4, '1.9'!E:E), 0)+IFERROR(SUMIF('1.10'!C:C, C4, '1.10'!E:E), 0)+IFERROR(SUMIF('1.11'!C:C, C4, '1.11'!E:E), 0)+IFERROR(SUMIF('1.12'!C:C, C4, '1.12'!E:E), 0)+IFERROR(SUMIF('1.13'!C:C, C4, '1.13'!E:E), 0)+IFERROR(SUMIF('1.14'!C:C, C4, '1.14'!E:E), 0)+IFERROR(SUMIF('1.15'!C:C, C4, '1.15'!E:E), 0)+IFERROR(SUMIF('1.16'!C:C, C4, '1.16'!E:E), 0)+IFERROR(SUMIF('1.17'!C:C, C4, '1.17'!E:E), 0)+IFERROR(SUMIF('1.18'!C:C, C4, '1.18'!E:E), 0)+IFERROR(SUMIF('1.19'!C:C, C4, '1.19'!E:E), 0)+IFERROR(SUMIF('1.20'!C:C, C4, '1.20'!E:E), 0)+IFERROR(SUMIF('1.21'!C:C, C4, '1.21'!E:E), 0)+IFERROR(SUMIF('1.22'!C:C, C4, '1.22'!E:E), 0)+IFERROR(SUMIF('1.23'!C:C, C4, '1.23'!E:E), 0)+IFERROR(SUMIF('1.24'!C:C, C4, '1.24'!E:E), 0)+IFERROR(SUMIF('1.25'!C:C, C4, '1.25'!E:E), 0)+IFERROR(SUMIF('1.26'!C:C, C4, '1.26'!E:E), 0)+IFERROR(SUMIF('1.27'!C:C, C4, '1.27'!E:E), 0)+IFERROR(SUMIF('1.28'!C:C, C4, '1.28'!E:E), 0)+IFERROR(SUMIF('1.29'!C:C, C4, '1.29'!E:E), 0)+IFERROR(SUMIF('1.30'!C:C, C4, '1.30'!E:E), 0)+IFERROR(SUMIF('1.31'!C:C, C4, '1.31'!E:E), 0)+IFERROR(SUMIF('2.1'!C:C, C4, '2.1'!E:E), 0)+IFERROR(SUMIF('2.2'!C:C, C4, '2.2'!E:E), 0)+IFERROR(SUMIF('2.3'!C:C, C4, '2.3'!E:E), 0)+IFERROR(SUMIF('2.4'!C:C, C4, '2.4'!E:E), 0)+IFERROR(SUMIF('2.5'!C:C, C4, '2.5'!E:E), 0)+IFERROR(SUMIF('2.6'!C:C, C4, '2.6'!E:E), 0)+IFERROR(SUMIF('2.7'!C:C, C4, '2.7'!E:E), 0)+IFERROR(SUMIF('2.8'!C:C, C4, '2.8'!E:E), 0)+IFERROR(SUMIF('2.9'!C:C, C4, '2.9'!E:E), 0)+IFERROR(SUMIF('2.10'!C:C, C4, '2.10'!E:E), 0)+IFERROR(SUMIF('2.11'!C:C, C4, '2.11'!E:E), 0)+IFERROR(SUMIF('2.12'!C:C, C4, '2.12'!E:E), 0)+IFERROR(SUMIF('2.13'!C:C, C4, '2.13'!E:E), 0)+IFERROR(SUMIF('2.14'!C:C, C4, '2.14'!E:E), 0)+IFERROR(SUMIF('2.15'!C:C, C4, '2.15'!E:E), 0)+IFERROR(SUMIF('2.16'!C:C, C4, '2.16'!E:E), 0)+IFERROR(SUMIF('2.17'!C:C, C4, '2.17'!E:E), 0)+IFERROR(SUMIF('2.18'!C:C, C4, '2.18'!E:E), 0)+IFERROR(SUMIF('2.19'!C:C, C4, '2.19'!E:E), 0)+IFERROR(SUMIF('2.20'!C:C, C4, '2.20'!E:E), 0)+IFERROR(SUMIF('2.21'!C:C, C4, '2.21'!E:E), 0)+IFERROR(SUMIF('2.22'!C:C, C4, '2.22'!E:E), 0)+IFERROR(SUMIF('2.23'!C:C, C4, '2.23'!E:E), 0)+IFERROR(SUMIF('2.24'!C:C, C4, '2.24'!E:E), 0)+IFERROR(SUMIF('2.25'!C:C, C4, '2.25'!E:E), 0)+IFERROR(SUMIF('2.26'!C:C, C4, '2.26'!E:E), 0)+IFERROR(SUMIF('2.27'!C:C, C4, '2.27'!E:E), 0)+IFERROR(SUMIF('2.28'!C:C, C4, '2.28'!E:E), 0)+IFERROR(SUMIF('3.1'!C:C, C4, '3.1'!E:E), 0)+IFERROR(SUMIF('3.2'!C:C, C4, '3.2'!E:E), 0)+IFERROR(SUMIF('3.3'!C:C, C4, '3.3'!E:E), 0)+IFERROR(SUMIF('3.4'!C:C, C4, '3.4'!E:E), 0)+IFERROR(SUMIF('3.5'!C:C, C4, '3.5'!E:E), 0)+IFERROR(SUMIF('3.6'!C:C, C4, '3.6'!E:E), 0)+IFERROR(SUMIF('3.7'!C:C, C4, '3.7'!E:E), 0)+IFERROR(SUMIF('3.8'!C:C, C4, '3.8'!E:E), 0)+IFERROR(SUMIF('3.9'!C:C, C4, '3.9'!E:E), 0)+IFERROR(SUMIF('3.10'!C:C, C4, '3.10'!E:E), 0)+IFERROR(SUMIF('3.11'!C:C, C4, '3.11'!E:E), 0)+IFERROR(SUMIF('3.12'!C:C, C4, '3.12'!E:E), 0)+IFERROR(SUMIF('3.13'!C:C, C4, '3.13'!E:E), 0)+IFERROR(SUMIF('3.14'!C:C, C4, '3.14'!E:E), 0)+IFERROR(SUMIF('3.15'!C:C, C4, '3.15'!E:E), 0)+IFERROR(SUMIF('3.16'!C:C, C4, '3.16'!E:E), 0)+IFERROR(SUMIF('3.17'!C:C, C4, '3.17'!E:E), 0)+IFERROR(SUMIF('3.18'!C:C, C4, '3.18'!E:E), 0)+IFERROR(SUMIF('3.19'!C:C, C4, '3.19'!E:E), 0)+IFERROR(SUMIF('3.20'!C:C, C4, '3.20'!E:E), 0)+IFERROR(SUMIF('3.21'!C:C, C4, '3.21'!E:E), 0)+IFERROR(SUMIF('3.22'!C:C, C4, '3.22'!E:E), 0)+IFERROR(SUMIF('3.23'!C:C, C4, '3.23'!E:E), 0)+IFERROR(SUMIF('3.24'!C:C, C4, '3.24'!E:E), 0)+IFERROR(SUMIF('3.25'!C:C, C4, '3.25'!E:E), 0)+IFERROR(SUMIF('3.26'!C:C, C4, '3.26'!E:E), 0)+IFERROR(SUMIF('3.27'!C:C, C4, '3.27'!E:E), 0)+IFERROR(SUMIF('3.28'!C:C, C4, '3.28'!E:E), 0)+IFERROR(SUMIF('3.29'!C:C, C4, '3.29'!E:E), 0)+IFERROR(SUMIF('3.30'!C:C, C4, '3.30'!E:E), 0)+IFERROR(SUMIF('3.31'!C:C, C4, '3.31'!E:E), 0)+IFERROR(SUMIF('4.1'!C:C, C4, '4.1'!E:E), 0)+IFERROR(SUMIF('4.2'!C:C, C4, '4.2'!E:E), 0)+IFERROR(SUMIF('4.3'!C:C, C4, '4.3'!E:E), 0)+IFERROR(SUMIF('4.4'!C:C, C4, '4.4'!E:E), 0)+IFERROR(SUMIF('4.5'!C:C, C4, '4.5'!E:E), 0)+IFERROR(SUMIF('4.6'!C:C, C4, '4.6'!E:E), 0)+IFERROR(SUMIF('4.7'!C:C, C4, '4.7'!E:E), 0)+IFERROR(SUMIF('4.8'!C:C, C4, '4.8'!E:E), 0)+IFERROR(SUMIF('4.9'!C:C, C4, '4.9'!E:E), 0)+IFERROR(SUMIF('4.10'!C:C, C4, '4.10'!E:E), 0)+IFERROR(SUMIF('4.11'!C:C, C4, '4.11'!E:E), 0)+IFERROR(SUMIF('4.12'!C:C, C4, '4.12'!E:E), 0)+IFERROR(SUMIF('4.13'!C:C, C4, '4.13'!E:E), 0)+IFERROR(SUMIF('4.14'!C:C, C4, '4.14'!E:E), 0)+IFERROR(SUMIF('4.15'!C:C, C4, '4.15'!E:E), 0)+IFERROR(SUMIF('4.16'!C:C, C4, '4.16'!E:E), 0)+IFERROR(SUMIF('4.17'!C:C, C4, '4.17'!E:E), 0)+IFERROR(SUMIF('4.18'!C:C, C4, '4.18'!E:E), 0)+IFERROR(SUMIF('4.19'!C:C, C4, '4.19'!E:E), 0)+IFERROR(SUMIF('4.20'!C:C, C4, '4.20'!E:E), 0)+IFERROR(SUMIF('4.21'!C:C, C4, '4.21'!E:E), 0)+IFERROR(SUMIF('4.22'!C:C, C4, '4.22'!E:E), 0)+IFERROR(SUMIF('4.23'!C:C, C4, '4.23'!E:E), 0)+IFERROR(SUMIF('4.24'!C:C, C4, '4.24'!E:E), 0)+IFERROR(SUMIF('4.25'!C:C, C4, '4.25'!E:E), 0)+IFERROR(SUMIF('4.26'!C:C, C4, '4.26'!E:E), 0)+IFERROR(SUMIF('4.27'!C:C, C4, '4.27'!E:E), 0)+IFERROR(SUMIF('4.28'!C:C, C4, '4.28'!E:E), 0)+IFERROR(SUMIF('4.29'!C:C, C4, '4.29'!E:E), 0)+IFERROR(SUMIF('4.30'!C:C, C4, '4.30'!E:E), 0)+IFERROR(SUMIF('5.1'!C:C, C4, '5.1'!E:E), 0)+IFERROR(SUMIF('5.2'!C:C, C4, '5.2'!E:E), 0)+IFERROR(SUMIF('5.3'!C:C, C4, '5.3'!E:E), 0)+IFERROR(SUMIF('5.4'!C:C, C4, '5.4'!E:E), 0)+IFERROR(SUMIF('5.5'!C:C, C4, '5.5'!E:E), 0)+IFERROR(SUMIF('5.6'!C:C, C4, '5.6'!E:E), 0)+IFERROR(SUMIF('5.7'!C:C, C4, '5.7'!E:E), 0)+IFERROR(SUMIF('5.8'!C:C, C4, '5.8'!E:E), 0)+IFERROR(SUMIF('5.9'!C:C, C4, '5.9'!E:E), 0)+IFERROR(SUMIF('5.10'!C:C, C4, '5.10'!E:E), 0)+IFERROR(SUMIF('5.11'!C:C, C4, '5.11'!E:E), 0)+IFERROR(SUMIF('5.12'!C:C, C4, '5.12'!E:E), 0)+IFERROR(SUMIF('5.13'!C:C, C4, '5.13'!E:E), 0)+IFERROR(SUMIF('5.14'!C:C, C4, '5.14'!E:E), 0)+IFERROR(SUMIF('5.15'!C:C, C4, '5.15'!E:E), 0)+IFERROR(SUMIF('5.16'!C:C, C4, '5.16'!E:E), 0)+IFERROR(SUMIF('5.17'!C:C, C4, '5.17'!E:E), 0)+IFERROR(SUMIF('5.18'!C:C, C4, '5.18'!E:E), 0)+IFERROR(SUMIF('5.19'!C:C, C4, '5.19'!E:E), 0)+IFERROR(SUMIF('5.20'!C:C, C4, '5.20'!E:E), 0)+IFERROR(SUMIF('5.21'!C:C, C4, '5.21'!E:E), 0)+IFERROR(SUMIF('5.22'!C:C, C4, '5.22'!E:E), 0)+IFERROR(SUMIF('5.23'!C:C, C4, '5.23'!E:E), 0)+IFERROR(SUMIF('5.24'!C:C, C4, '5.24'!E:E), 0)+IFERROR(SUMIF('5.25'!C:C, C4, '5.25'!E:E), 0)+IFERROR(SUMIF('5.26'!C:C, C4, '5.26'!E:E), 0)+IFERROR(SUMIF('5.27'!C:C, C4, '5.27'!E:E), 0)+IFERROR(SUMIF('5.28'!C:C, C4, '5.28'!E:E), 0)+IFERROR(SUMIF('5.29'!C:C, C4, '5.29'!E:E), 0)+IFERROR(SUMIF('5.30'!C:C, C4, '5.30'!E:E), 0)+IFERROR(SUMIF('5.31'!C:C, C4, '5.31'!E:E), 0)+IFERROR(SUMIF('6.1'!C:C, C4, '6.1'!E:E), 0)+IFERROR(SUMIF('6.2'!C:C, C4, '6.2'!E:E), 0)+IFERROR(SUMIF('6.3'!C:C, C4, '6.3'!E:E), 0)+IFERROR(SUMIF('6.4'!C:C, C4, '6.4'!E:E), 0)+IFERROR(SUMIF('6.5'!C:C, C4, '6.5'!E:E), 0)+IFERROR(SUMIF('6.6'!C:C, C4, '6.6'!E:E), 0)+IFERROR(SUMIF('6.7'!C:C, C4, '6.7'!E:E), 0)+IFERROR(SUMIF('6.8'!C:C, C4, '6.8'!E:E), 0)+IFERROR(SUMIF('6.9'!C:C, C4, '6.9'!E:E), 0)+IFERROR(SUMIF('6.10'!C:C, C4, '6.10'!E:E), 0)+IFERROR(SUMIF('6.11'!C:C, C4, '6.11'!E:E), 0)+IFERROR(SUMIF('6.12'!C:C, C4, '6.12'!E:E), 0)+IFERROR(SUMIF('6.13'!C:C, C4, '6.13'!E:E), 0)+IFERROR(SUMIF('6.14'!C:C, C4, '6.14'!E:E), 0)+IFERROR(SUMIF('6.15'!C:C, C4, '6.15'!E:E), 0)+IFERROR(SUMIF('6.16'!C:C, C4, '6.16'!E:E), 0)+IFERROR(SUMIF('6.17'!C:C, C4, '6.17'!E:E), 0)+IFERROR(SUMIF('6.18'!C:C, C4, '6.18'!E:E), 0)+IFERROR(SUMIF('6.19'!C:C, C4, '6.19'!E:E), 0)+IFERROR(SUMIF('6.20'!C:C, C4, '6.20'!E:E), 0)+IFERROR(SUMIF('6.21'!C:C, C4, '6.21'!E:E), 0)+IFERROR(SUMIF('6.22'!C:C, C4, '6.22'!E:E), 0)+IFERROR(SUMIF('6.23'!C:C, C4, '6.23'!E:E), 0)+IFERROR(SUMIF('6.24'!C:C, C4, '6.24'!E:E), 0)+IFERROR(SUMIF('6.25'!C:C, C4, '6.25'!E:E), 0)+IFERROR(SUMIF('6.26'!C:C, C4, '6.26'!E:E), 0)+IFERROR(SUMIF('6.27'!C:C, C4, '6.27'!E:E), 0)+IFERROR(SUMIF('6.28'!C:C, C4, '6.28'!E:E), 0)+IFERROR(SUMIF('6.29'!C:C, C4, '6.29'!E:E), 0)+IFERROR(SUMIF('6.30'!C:C, C4, '6.30'!E:E), 0)+IFERROR(SUMIF('7.1'!C:C, C4, '7.1'!E:E), 0)+IFERROR(SUMIF('7.2'!C:C, C4, '7.2'!E:E), 0)+IFERROR(SUMIF('7.3'!C:C, C4, '7.3'!E:E), 0)+IFERROR(SUMIF('7.4'!C:C, C4, '7.4'!E:E), 0)+IFERROR(SUMIF('7.5'!C:C, C4, '7.5'!E:E), 0)+IFERROR(SUMIF('7.6'!C:C, C4, '7.6'!E:E), 0)+IFERROR(SUMIF('7.7'!C:C, C4, '7.7'!E:E), 0)+IFERROR(SUMIF('7.8'!C:C, C4, '7.8'!E:E), 0)+IFERROR(SUMIF('7.9'!C:C, C4, '7.9'!E:E), 0)+IFERROR(SUMIF('7.10'!C:C, C4, '7.10'!E:E), 0)+IFERROR(SUMIF('7.11'!C:C, C4, '7.11'!E:E), 0)+IFERROR(SUMIF('7.12'!C:C, C4, '7.12'!E:E), 0)+IFERROR(SUMIF('7.13'!C:C, C4, '7.13'!E:E), 0)+IFERROR(SUMIF('7.14'!C:C, C4, '7.14'!E:E), 0)+IFERROR(SUMIF('7.15'!C:C, C4, '7.15'!E:E), 0)+IFERROR(SUMIF('7.16'!C:C, C4, '7.16'!E:E), 0)+IFERROR(SUMIF('7.17'!C:C, C4, '7.17'!E:E), 0)+IFERROR(SUMIF('7.18'!C:C, C4, '7.18'!E:E), 0)+IFERROR(SUMIF('7.19'!C:C, C4, '7.19'!E:E), 0)+IFERROR(SUMIF('7.20'!C:C, C4, '7.20'!E:E), 0)+IFERROR(SUMIF('7.21'!C:C, C4, '7.21'!E:E), 0)+IFERROR(SUMIF('7.22'!C:C, C4, '7.22'!E:E), 0)+IFERROR(SUMIF('7.23'!C:C, C4, '7.23'!E:E), 0)+IFERROR(SUMIF('7.24'!C:C, C4, '7.24'!E:E), 0)+IFERROR(SUMIF('7.25'!C:C, C4, '7.25'!E:E), 0)+IFERROR(SUMIF('7.26'!C:C, C4, '7.26'!E:E), 0)+IFERROR(SUMIF('7.27'!C:C, C4, '7.27'!E:E), 0)+IFERROR(SUMIF('7.28'!C:C, C4, '7.28'!E:E), 0)+IFERROR(SUMIF('7.29'!C:C, C4, '7.29'!E:E), 0)+IFERROR(SUMIF('7.30'!C:C, C4, '7.30'!E:E), 0)+IFERROR(SUMIF('7.31'!C:C, C4, '7.31'!E:E), 0)+IFERROR(SUMIF('8.1'!C:C, C4, '8.1'!E:E), 0)+IFERROR(SUMIF('8.2'!C:C, C4, '8.2'!E:E), 0)+IFERROR(SUMIF('8.3'!C:C, C4, '8.3'!E:E), 0)+IFERROR(SUMIF('8.4'!C:C, C4, '8.4'!E:E), 0)+IFERROR(SUMIF('8.5'!C:C, C4, '8.5'!E:E), 0)+IFERROR(SUMIF('8.6'!C:C, C4, '8.6'!E:E), 0)+IFERROR(SUMIF('8.7'!C:C, C4, '8.7'!E:E), 0)+IFERROR(SUMIF('8.8'!C:C, C4, '8.8'!E:E), 0)+IFERROR(SUMIF('8.9'!C:C, C4, '8.9'!E:E), 0)+IFERROR(SUMIF('8.10'!C:C, C4, '8.10'!E:E), 0)+IFERROR(SUMIF('8.11'!C:C, C4, '8.11'!E:E), 0)+IFERROR(SUMIF('8.12'!C:C, C4, '8.12'!E:E), 0)+IFERROR(SUMIF('8.13'!C:C, C4, '8.13'!E:E), 0)+IFERROR(SUMIF('8.14'!C:C, C4, '8.14'!E:E), 0)+IFERROR(SUMIF('8.15'!C:C, C4, '8.15'!E:E), 0)+IFERROR(SUMIF('8.16'!C:C, C4, '8.16'!E:E), 0)+IFERROR(SUMIF('8.17'!C:C, C4, '8.17'!E:E), 0)+IFERROR(SUMIF('8.18'!C:C, C4, '8.18'!E:E), 0)+IFERROR(SUMIF('8.19'!C:C, C4, '8.19'!E:E), 0)+IFERROR(SUMIF('8.20'!C:C, C4, '8.20'!E:E), 0)+IFERROR(SUMIF('8.21'!C:C, C4, '8.21'!E:E), 0)+IFERROR(SUMIF('8.22'!C:C, C4, '8.22'!E:E), 0)+IFERROR(SUMIF('8.23'!C:C, C4, '8.23'!E:E), 0)+IFERROR(SUMIF('8.24'!C:C, C4, '8.24'!E:E), 0)+IFERROR(SUMIF('8.25'!C:C, C4, '8.25'!E:E), 0)+IFERROR(SUMIF('8.26'!C:C, C4, '8.26'!E:E), 0)+IFERROR(SUMIF('8.27'!C:C, C4, '8.27'!E:E), 0)+IFERROR(SUMIF('8.28'!C:C, C4, '8.28'!E:E), 0)+IFERROR(SUMIF('8.29'!C:C, C4, '8.29'!E:E), 0)+IFERROR(SUMIF('8.30'!C:C, C4, '8.30'!E:E), 0)+IFERROR(SUMIF('8.31'!C:C, C4, '8.31'!E:E), 0)+IFERROR(SUMIF('9.1'!C:C, C4, '9.1'!E:E), 0)+IFERROR(SUMIF('9.2'!C:C, C4, '9.2'!E:E), 0)+IFERROR(SUMIF('9.3'!C:C, C4, '9.3'!E:E), 0)+IFERROR(SUMIF('9.4'!C:C, C4, '9.4'!E:E), 0)+IFERROR(SUMIF('9.5'!C:C, C4, '9.5'!E:E), 0)+IFERROR(SUMIF('9.6'!C:C, C4, '9.6'!E:E), 0)+IFERROR(SUMIF('9.7'!C:C, C4, '9.7'!E:E), 0)+IFERROR(SUMIF('9.8'!C:C, C4, '9.8'!E:E), 0)+IFERROR(SUMIF('9.9'!C:C, C4, '9.9'!E:E), 0)+IFERROR(SUMIF('9.10'!C:C, C4, '9.10'!E:E), 0)+IFERROR(SUMIF('9.11'!C:C, C4, '9.11'!E:E), 0)+IFERROR(SUMIF('9.12'!C:C, C4, '9.12'!E:E), 0)+IFERROR(SUMIF('9.13'!C:C, C4, '9.13'!E:E), 0)+IFERROR(SUMIF('9.14'!C:C, C4, '9.14'!E:E), 0)+IFERROR(SUMIF('9.15'!C:C, C4, '9.15'!E:E), 0)+IFERROR(SUMIF('9.16'!C:C, C4, '9.16'!E:E), 0)+IFERROR(SUMIF('9.17'!C:C, C4, '9.17'!E:E), 0)+IFERROR(SUMIF('9.18'!C:C, C4, '9.18'!E:E), 0)+IFERROR(SUMIF('9.19'!C:C, C4, '9.19'!E:E), 0)+IFERROR(SUMIF('9.20'!C:C, C4, '9.20'!E:E), 0)+IFERROR(SUMIF('9.21'!C:C, C4, '9.21'!E:E), 0)+IFERROR(SUMIF('9.22'!C:C, C4, '9.22'!E:E), 0)+IFERROR(SUMIF('9.23'!C:C, C4, '9.23'!E:E), 0)+IFERROR(SUMIF('9.24'!C:C, C4, '9.24'!E:E), 0)+IFERROR(SUMIF('9.25'!C:C, C4, '9.25'!E:E), 0)+IFERROR(SUMIF('9.26'!C:C, C4, '9.26'!E:E), 0)+IFERROR(SUMIF('9.27'!C:C, C4, '9.27'!E:E), 0)+IFERROR(SUMIF('9.28'!C:C, C4, '9.28'!E:E), 0)+IFERROR(SUMIF('9.29'!C:C, C4, '9.29'!E:E), 0)+IFERROR(SUMIF('9.30'!C:C, C4, '9.30'!E:E), 0)+IFERROR(SUMIF('10.1'!C:C, C4, '10.1'!E:E), 0)+IFERROR(SUMIF('10.2'!C:C, C4, '10.2'!E:E), 0)+IFERROR(SUMIF('10.3'!C:C, C4, '10.3'!E:E), 0)+IFERROR(SUMIF('10.4'!C:C, C4, '10.4'!E:E), 0)+IFERROR(SUMIF('10.5'!C:C, C4, '10.5'!E:E), 0)+IFERROR(SUMIF('10.6'!C:C, C4, '10.6'!E:E), 0)+IFERROR(SUMIF('10.7'!C:C, C4, '10.7'!E:E), 0)+IFERROR(SUMIF('10.8'!C:C, C4, '10.8'!E:E), 0)+IFERROR(SUMIF('10.9'!C:C, C4, '10.9'!E:E), 0)+IFERROR(SUMIF('10.10'!C:C, C4, '10.10'!E:E), 0)+IFERROR(SUMIF('10.11'!C:C, C4, '10.11'!E:E), 0)+IFERROR(SUMIF('10.12'!C:C, C4, '10.12'!E:E), 0)+IFERROR(SUMIF('10.13'!C:C, C4, '10.13'!E:E), 0)+IFERROR(SUMIF('10.14'!C:C, C4, '10.14'!E:E), 0)+IFERROR(SUMIF('10.15'!C:C, C4, '10.15'!E:E), 0)+IFERROR(SUMIF('10.16'!C:C, C4, '10.16'!E:E), 0)+IFERROR(SUMIF('10.17'!C:C, C4, '10.17'!E:E), 0)+IFERROR(SUMIF('10.18'!C:C, C4, '10.18'!E:E), 0)+IFERROR(SUMIF('10.19'!C:C, C4, '10.19'!E:E), 0)+IFERROR(SUMIF('10.20'!C:C, C4, '10.20'!E:E), 0)+IFERROR(SUMIF('10.21'!C:C, C4, '10.21'!E:E), 0)+IFERROR(SUMIF('10.22'!C:C, C4, '10.22'!E:E), 0)+IFERROR(SUMIF('10.23'!C:C, C4, '10.23'!E:E), 0)+IFERROR(SUMIF('10.24'!C:C, C4, '10.24'!E:E), 0)+IFERROR(SUMIF('10.25'!C:C, C4, '10.25'!E:E), 0)+IFERROR(SUMIF('10.26'!C:C, C4, '10.26'!E:E), 0)+IFERROR(SUMIF('10.27'!C:C, C4, '10.27'!E:E), 0)+IFERROR(SUMIF('10.28'!C:C, C4, '10.28'!E:E), 0)+IFERROR(SUMIF('10.29'!C:C, C4, '10.29'!E:E), 0)+IFERROR(SUMIF('10.30'!C:C, C4, '10.30'!E:E), 0)+IFERROR(SUMIF('10.31'!C:C, C4, '10.31'!E:E), 0)+IFERROR(SUMIF('11.1'!C:C, C4, '11.1'!E:E), 0)+IFERROR(SUMIF('11.2'!C:C, C4, '11.2'!E:E), 0)+IFERROR(SUMIF('11.3'!C:C, C4, '11.3'!E:E), 0)+IFERROR(SUMIF('11.4'!C:C, C4, '11.4'!E:E), 0)+IFERROR(SUMIF('11.5'!C:C, C4, '11.5'!E:E), 0)+IFERROR(SUMIF('11.6'!C:C, C4, '11.6'!E:E), 0)+IFERROR(SUMIF('11.7'!C:C, C4, '11.7'!E:E), 0)+IFERROR(SUMIF('11.8'!C:C, C4, '11.8'!E:E), 0)+IFERROR(SUMIF('11.9'!C:C, C4, '11.9'!E:E), 0)+IFERROR(SUMIF('11.10'!C:C, C4, '11.10'!E:E), 0)+IFERROR(SUMIF('11.11'!C:C, C4, '11.11'!E:E), 0)+IFERROR(SUMIF('11.12'!C:C, C4, '11.12'!E:E), 0)+IFERROR(SUMIF('11.13'!C:C, C4, '11.13'!E:E), 0)+IFERROR(SUMIF('11.14'!C:C, C4, '11.14'!E:E), 0)+IFERROR(SUMIF('11.15'!C:C, C4, '11.15'!E:E), 0)+IFERROR(SUMIF('11.16'!C:C, C4, '11.16'!E:E), 0)+IFERROR(SUMIF('11.17'!C:C, C4, '11.17'!E:E), 0)+IFERROR(SUMIF('11.18'!C:C, C4, '11.18'!E:E), 0)+IFERROR(SUMIF('11.19'!C:C, C4, '11.19'!E:E), 0)+IFERROR(SUMIF('11.20'!C:C, C4, '11.20'!E:E), 0)+IFERROR(SUMIF('11.21'!C:C, C4, '11.21'!E:E), 0)+IFERROR(SUMIF('11.22'!C:C, C4, '11.22'!E:E), 0)+IFERROR(SUMIF('11.23'!C:C, C4, '11.23'!E:E), 0)+IFERROR(SUMIF('11.24'!C:C, C4, '11.24'!E:E), 0)+IFERROR(SUMIF('11.25'!C:C, C4, '11.25'!E:E), 0)+IFERROR(SUMIF('11.26'!C:C, C4, '11.26'!E:E), 0)+IFERROR(SUMIF('11.27'!C:C, C4, '11.27'!E:E), 0)+IFERROR(SUMIF('11.28'!C:C, C4, '11.28'!E:E), 0)+IFERROR(SUMIF('11.29'!C:C, C4, '11.29'!E:E), 0)+IFERROR(SUMIF('11.30'!C:C, C4, '11.30'!E:E), 0)+IFERROR(SUMIF('12.1'!C:C, C4, '12.1'!E:E), 0)+IFERROR(SUMIF('12.2'!C:C, C4, '12.2'!E:E), 0)+IFERROR(SUMIF('12.3'!C:C, C4, '12.3'!E:E), 0)+IFERROR(SUMIF('12.4'!C:C, C4, '12.4'!E:E), 0)+IFERROR(SUMIF('12.5'!C:C, C4, '12.5'!E:E), 0)+IFERROR(SUMIF('12.6'!C:C, C4, '12.6'!E:E), 0)+IFERROR(SUMIF('12.7'!C:C, C4, '12.7'!E:E), 0)+IFERROR(SUMIF('12.8'!C:C, C4, '12.8'!E:E), 0)+IFERROR(SUMIF('12.9'!C:C, C4, '12.9'!E:E), 0)+IFERROR(SUMIF('12.10'!C:C, C4, '12.10'!E:E), 0)+IFERROR(SUMIF('12.11'!C:C, C4, '12.11'!E:E), 0)+IFERROR(SUMIF('12.12'!C:C, C4, '12.12'!E:E), 0)+IFERROR(SUMIF('12.13'!C:C, C4, '12.13'!E:E), 0)+IFERROR(SUMIF('12.14'!C:C, C4, '12.14'!E:E), 0)+IFERROR(SUMIF('12.15'!C:C, C4, '12.15'!E:E), 0)+IFERROR(SUMIF('12.16'!C:C, C4, '12.16'!E:E), 0)+IFERROR(SUMIF('12.17'!C:C, C4, '12.17'!E:E), 0)+IFERROR(SUMIF('12.18'!C:C, C4, '12.18'!E:E), 0)+IFERROR(SUMIF('12.19'!C:C, C4, '12.19'!E:E), 0)+IFERROR(SUMIF('12.20'!C:C, C4, '12.20'!E:E), 0)+IFERROR(SUMIF('12.21'!C:C, C4, '12.21'!E:E), 0)+IFERROR(SUMIF('12.22'!C:C, C4, '12.22'!E:E), 0)+IFERROR(SUMIF('12.23'!C:C, C4, '12.23'!E:E), 0)+IFERROR(SUMIF('12.24'!C:C, C4, '12.24'!E:E), 0)+IFERROR(SUMIF('12.25'!C:C, C4, '12.25'!E:E), 0)+IFERROR(SUMIF('12.26'!C:C, C4, '12.26'!E:E), 0)+IFERROR(SUMIF('12.27'!C:C, C4, '12.27'!E:E), 0)+IFERROR(SUMIF('12.28'!C:C, C4, '12.28'!E:E), 0)+IFERROR(SUMIF('12.29'!C:C, C4, '12.29'!E:E), 0)+IFERROR(SUMIF('12.30'!C:C, C4, '12.30'!E:E), 0)+IFERROR(SUMIF('12.31'!C:C, C4, '12.31'!E:E), 0) -> 0 | G4: =IFERROR(SUMIF('1.1'!C:C, C4, '1.1'!G:G), 0)+IFERROR(SUMIF('1.2'!C:C, C4, '1.2'!G:G), 0)+IFERROR(SUMIF('1.3'!C:C, C4, '1.3'!G:G), 0)+IFERROR(SUMIF('1.4'!C:C, C4, '1.4'!G:G), 0)+IFERROR(SUMIF('1.5'!C:C, C4, '1.5'!G:G), 0)+IFERROR(SUMIF('1.6'!C:C, C4, '1.6'!G:G), 0)+IFERROR(SUMIF('1.7'!C:C, C4, '1.7'!G:G), 0)+IFERROR(SUMIF('1.8'!C:C, C4, '1.8'!G:G), 0)+IFERROR(SUMIF('1.9'!C:C, C4, '1.9'!G:G), 0)+IFERROR(SUMIF('1.10'!C:C, C4, '1.10'!G:G), 0)+IFERROR(SUMIF('1.11'!C:C, C4, '1.11'!G:G), 0)+IFERROR(SUMIF('1.12'!C:C, C4, '1.12'!G:G), 0)+IFERROR(SUMIF('1.13'!C:C, C4, '1.13'!G:G), 0)+IFERROR(SUMIF('1.14'!C:C, C4, '1.14'!G:G), 0)+IFERROR(SUMIF('1.15'!C:C, C4, '1.15'!G:G), 0)+IFERROR(SUMIF('1.16'!C:C, C4, '1.16'!G:G), 0)+IFERROR(SUMIF('1.17'!C:C, C4, '1.17'!G:G), 0)+IFERROR(SUMIF('1.18'!C:C, C4, '1.18'!G:G), 0)+IFERROR(SUMIF('1.19'!C:C, C4, '1.19'!G:G), 0)+IFERROR(SUMIF('1.20'!C:C, C4, '1.20'!G:G), 0)+IFERROR(SUMIF('1.21'!C:C, C4, '1.21'!G:G), 0)+IFERROR(SUMIF('1.22'!C:C, C4, '1.22'!G:G), 0)+IFERROR(SUMIF('1.23'!C:C, C4, '1.23'!G:G), 0)+IFERROR(SUMIF('1.24'!C:C, C4, '1.24'!G:G), 0)+IFERROR(SUMIF('1.25'!C:C, C4, '1.25'!G:G), 0)+IFERROR(SUMIF('1.26'!C:C, C4, '1.26'!G:G), 0)+IFERROR(SUMIF('1.27'!C:C, C4, '1.27'!G:G), 0)+IFERROR(SUMIF('1.28'!C:C, C4, '1.28'!G:G), 0)+IFERROR(SUMIF('1.29'!C:C, C4, '1.29'!G:G), 0)+IFERROR(SUMIF('1.30'!C:C, C4, '1.30'!G:G), 0)+IFERROR(SUMIF('1.31'!C:C, C4, '1.31'!G:G), 0)+IFERROR(SUMIF('2.1'!C:C, C4, '2.1'!G:G), 0)+IFERROR(SUMIF('2.2'!C:C, C4, '2.2'!G:G), 0)+IFERROR(SUMIF('2.3'!C:C, C4, '2.3'!G:G), 0)+IFERROR(SUMIF('2.4'!C:C, C4, '2.4'!G:G), 0)+IFERROR(SUMIF('2.5'!C:C, C4, '2.5'!G:G), 0)+IFERROR(SUMIF('2.6'!C:C, C4, '2.6'!G:G), 0)+IFERROR(SUMIF('2.7'!C:C, C4, '2.7'!G:G), 0)+IFERROR(SUMIF('2.8'!C:C, C4, '2.8'!G:G), 0)+IFERROR(SUMIF('2.9'!C:C, C4, '2.9'!G:G), 0)+IFERROR(SUMIF('2.10'!C:C, C4, '2.10'!G:G), 0)+IFERROR(SUMIF('2.11'!C:C, C4, '2.11'!G:G), 0)+IFERROR(SUMIF('2.12'!C:C, C4, '2.12'!G:G), 0)+IFERROR(SUMIF('2.13'!C:C, C4, '2.13'!G:G), 0)+IFERROR(SUMIF('2.14'!C:C, C4, '2.14'!G:G), 0)+IFERROR(SUMIF('2.15'!C:C, C4, '2.15'!G:G), 0)+IFERROR(SUMIF('2.16'!C:C, C4, '2.16'!G:G), 0)+IFERROR(SUMIF('2.17'!C:C, C4, '2.17'!G:G), 0)+IFERROR(SUMIF('2.18'!C:C, C4, '2.18'!G:G), 0)+IFERROR(SUMIF('2.19'!C:C, C4, '2.19'!G:G), 0)+IFERROR(SUMIF('2.20'!C:C, C4, '2.20'!G:G), 0)+IFERROR(SUMIF('2.21'!C:C, C4, '2.21'!G:G), 0)+IFERROR(SUMIF('2.22'!C:C, C4, '2.22'!G:G), 0)+IFERROR(SUMIF('2.23'!C:C, C4, '2.23'!G:G), 0)+IFERROR(SUMIF('2.24'!C:C, C4, '2.24'!G:G), 0)+IFERROR(SUMIF('2.25'!C:C, C4, '2.25'!G:G), 0)+IFERROR(SUMIF('2.26'!C:C, C4, '2.26'!G:G), 0)+IFERROR(SUMIF('2.27'!C:C, C4, '2.27'!G:G), 0)+IFERROR(SUMIF('2.28'!C:C, C4, '2.28'!G:G), 0)+IFERROR(SUMIF('3.1'!C:C, C4, '3.1'!G:G), 0)+IFERROR(SUMIF('3.2'!C:C, C4, '3.2'!G:G), 0)+IFERROR(SUMIF('3.3'!C:C, C4, '3.3'!G:G), 0)+IFERROR(SUMIF('3.4'!C:C, C4, '3.4'!G:G), 0)+IFERROR(SUMIF('3.5'!C:C, C4, '3.5'!G:G), 0)+IFERROR(SUMIF('3.6'!C:C, C4, '3.6'!G:G), 0)+IFERROR(SUMIF('3.7'!C:C, C4, '3.7'!G:G), 0)+IFERROR(SUMIF('3.8'!C:C, C4, '3.8'!G:G), 0)+IFERROR(SUMIF('3.9'!C:C, C4, '3.9'!G:G), 0)+IFERROR(SUMIF('3.10'!C:C, C4, '3.10'!G:G), 0)+IFERROR(SUMIF('3.11'!C:C, C4, '3.11'!G:G), 0)+IFERROR(SUMIF('3.12'!C:C, C4, '3.12'!G:G), 0)+IFERROR(SUMIF('3.13'!C:C, C4, '3.13'!G:G), 0)+IFERROR(SUMIF('3.14'!C:C, C4, '3.14'!G:G), 0)+IFERROR(SUMIF('3.15'!C:C, C4, '3.15'!G:G), 0)+IFERROR(SUMIF('3.16'!C:C, C4, '3.16'!G:G), 0)+IFERROR(SUMIF('3.17'!C:C, C4, '3.17'!G:G), 0)+IFERROR(SUMIF('3.18'!C:C, C4, '3.18'!G:G), 0)+IFERROR(SUMIF('3.19'!C:C, C4, '3.19'!G:G), 0)+IFERROR(SUMIF('3.20'!C:C, C4, '3.20'!G:G), 0)+IFERROR(SUMIF('3.21'!C:C, C4, '3.21'!G:G), 0)+IFERROR(SUMIF('3.22'!C:C, C4, '3.22'!G:G), 0)+IFERROR(SUMIF('3.23'!C:C, C4, '3.23'!G:G), 0)+IFERROR(SUMIF('3.24'!C:C, C4, '3.24'!G:G), 0)+IFERROR(SUMIF('3.25'!C:C, C4, '3.25'!G:G), 0)+IFERROR(SUMIF('3.26'!C:C, C4, '3.26'!G:G), 0)+IFERROR(SUMIF('3.27'!C:C, C4, '3.27'!G:G), 0)+IFERROR(SUMIF('3.28'!C:C, C4, '3.28'!G:G), 0)+IFERROR(SUMIF('3.29'!C:C, C4, '3.29'!G:G), 0)+IFERROR(SUMIF('3.30'!C:C, C4, '3.30'!G:G), 0)+IFERROR(SUMIF('3.31'!C:C, C4, '3.31'!G:G), 0)+IFERROR(SUMIF('4.1'!C:C, C4, '4.1'!G:G), 0)+IFERROR(SUMIF('4.2'!C:C, C4, '4.2'!G:G), 0)+IFERROR(SUMIF('4.3'!C:C, C4, '4.3'!G:G), 0)+IFERROR(SUMIF('4.4'!C:C, C4, '4.4'!G:G), 0)+IFERROR(SUMIF('4.5'!C:C, C4, '4.5'!G:G), 0)+IFERROR(SUMIF('4.6'!C:C, C4, '4.6'!G:G), 0)+IFERROR(SUMIF('4.7'!C:C, C4, '4.7'!G:G), 0)+IFERROR(SUMIF('4.8'!C:C, C4, '4.8'!G:G), 0)+IFERROR(SUMIF('4.9'!C:C, C4, '4.9'!G:G), 0)+IFERROR(SUMIF('4.10'!C:C, C4, '4.10'!G:G), 0)+IFERROR(SUMIF('4.11'!C:C, C4, '4.11'!G:G), 0)+IFERROR(SUMIF('4.12'!C:C, C4, '4.12'!G:G), 0)+IFERROR(SUMIF('4.13'!C:C, C4, '4.13'!G:G), 0)+IFERROR(SUMIF('4.14'!C:C, C4, '4.14'!G:G), 0)+IFERROR(SUMIF('4.15'!C:C, C4, '4.15'!G:G), 0)+IFERROR(SUMIF('4.16'!C:C, C4, '4.16'!G:G), 0)+IFERROR(SUMIF('4.17'!C:C, C4, '4.17'!G:G), 0)+IFERROR(SUMIF('4.18'!C:C, C4, '4.18'!G:G), 0)+IFERROR(SUMIF('4.19'!C:C, C4, '4.19'!G:G), 0)+IFERROR(SUMIF('4.20'!C:C, C4, '4.20'!G:G), 0)+IFERROR(SUMIF('4.21'!C:C, C4, '4.21'!G:G), 0)+IFERROR(SUMIF('4.22'!C:C, C4, '4.22'!G:G), 0)+IFERROR(SUMIF('4.23'!C:C, C4, '4.23'!G:G), 0)+IFERROR(SUMIF('4.24'!C:C, C4, '4.24'!G:G), 0)+IFERROR(SUMIF('4.25'!C:C, C4, '4.25'!G:G), 0)+IFERROR(SUMIF('4.26'!C:C, C4, '4.26'!G:G), 0)+IFERROR(SUMIF('4.27'!C:C, C4, '4.27'!G:G), 0)+IFERROR(SUMIF('4.28'!C:C, C4, '4.28'!G:G), 0)+IFERROR(SUMIF('4.29'!C:C, C4, '4.29'!G:G), 0)+IFERROR(SUMIF('4.30'!C:C, C4, '4.30'!G:G), 0)+IFERROR(SUMIF('5.1'!C:C, C4, '5.1'!G:G), 0)+IFERROR(SUMIF('5.2'!C:C, C4, '5.2'!G:G), 0)+IFERROR(SUMIF('5.3'!C:C, C4, '5.3'!G:G), 0)+IFERROR(SUMIF('5.4'!C:C, C4, '5.4'!G:G), 0)+IFERROR(SUMIF('5.5'!C:C, C4, '5.5'!G:G), 0)+IFERROR(SUMIF('5.6'!C:C, C4, '5.6'!G:G), 0)+IFERROR(SUMIF('5.7'!C:C, C4, '5.7'!G:G), 0)+IFERROR(SUMIF('5.8'!C:C, C4, '5.8'!G:G), 0)+IFERROR(SUMIF('5.9'!C:C, C4, '5.9'!G:G), 0)+IFERROR(SUMIF('5.10'!C:C, C4, '5.10'!G:G), 0)+IFERROR(SUMIF('5.11'!C:C, C4, '5.11'!G:G), 0)+IFERROR(SUMIF('5.12'!C:C, C4, '5.12'!G:G), 0)+IFERROR(SUMIF('5.13'!C:C, C4, '5.13'!G:G), 0)+IFERROR(SUMIF('5.14'!C:C, C4, '5.14'!G:G), 0)+IFERROR(SUMIF('5.15'!C:C, C4, '5.15'!G:G), 0)+IFERROR(SUMIF('5.16'!C:C, C4, '5.16'!G:G), 0)+IFERROR(SUMIF('5.17'!C:C, C4, '5.17'!G:G), 0)+IFERROR(SUMIF('5.18'!C:C, C4, '5.18'!G:G), 0)+IFERROR(SUMIF('5.19'!C:C, C4, '5.19'!G:G), 0)+IFERROR(SUMIF('5.20'!C:C, C4, '5.20'!G:G), 0)+IFERROR(SUMIF('5.21'!C:C, C4, '5.21'!G:G), 0)+IFERROR(SUMIF('5.22'!C:C, C4, '5.22'!G:G), 0)+IFERROR(SUMIF('5.23'!C:C, C4, '5.23'!G:G), 0)+IFERROR(SUMIF('5.24'!C:C, C4, '5.24'!G:G), 0)+IFERROR(SUMIF('5.25'!C:C, C4, '5.25'!G:G), 0)+IFERROR(SUMIF('5.26'!C:C, C4, '5.26'!G:G), 0)+IFERROR(SUMIF('5.27'!C:C, C4, '5.27'!G:G), 0)+IFERROR(SUMIF('5.28'!C:C, C4, '5.28'!G:G), 0)+IFERROR(SUMIF('5.29'!C:C, C4, '5.29'!G:G), 0)+IFERROR(SUMIF('5.30'!C:C, C4, '5.30'!G:G), 0)+IFERROR(SUMIF('5.31'!C:C, C4, '5.31'!G:G), 0)+IFERROR(SUMIF('6.1'!C:C, C4, '6.1'!G:G), 0)+IFERROR(SUMIF('6.2'!C:C, C4, '6.2'!G:G), 0)+IFERROR(SUMIF('6.3'!C:C, C4, '6.3'!G:G), 0)+IFERROR(SUMIF('6.4'!C:C, C4, '6.4'!G:G), 0)+IFERROR(SUMIF('6.5'!C:C, C4, '6.5'!G:G), 0)+IFERROR(SUMIF('6.6'!C:C, C4, '6.6'!G:G), 0)+IFERROR(SUMIF('6.7'!C:C, C4, '6.7'!G:G), 0)+IFERROR(SUMIF('6.8'!C:C, C4, '6.8'!G:G), 0)+IFERROR(SUMIF('6.9'!C:C, C4, '6.9'!G:G), 0)+IFERROR(SUMIF('6.10'!C:C, C4, '6.10'!G:G), 0)+IFERROR(SUMIF('6.11'!C:C, C4, '6.11'!G:G), 0)+IFERROR(SUMIF('6.12'!C:C, C4, '6.12'!G:G), 0)+IFERROR(SUMIF('6.13'!C:C, C4, '6.13'!G:G), 0)+IFERROR(SUMIF('6.14'!C:C, C4, '6.14'!G:G), 0)+IFERROR(SUMIF('6.15'!C:C, C4, '6.15'!G:G), 0)+IFERROR(SUMIF('6.16'!C:C, C4, '6.16'!G:G), 0)+IFERROR(SUMIF('6.17'!C:C, C4, '6.17'!G:G), 0)+IFERROR(SUMIF('6.18'!C:C, C4, '6.18'!G:G), 0)+IFERROR(SUMIF('6.19'!C:C, C4, '6.19'!G:G), 0)+IFERROR(SUMIF('6.20'!C:C, C4, '6.20'!G:G), 0)+IFERROR(SUMIF('6.21'!C:C, C4, '6.21'!G:G), 0)+IFERROR(SUMIF('6.22'!C:C, C4, '6.22'!G:G), 0)+IFERROR(SUMIF('6.23'!C:C, C4, '6.23'!G:G), 0)+IFERROR(SUMIF('6.24'!C:C, C4, '6.24'!G:G), 0)+IFERROR(SUMIF('6.25'!C:C, C4, '6.25'!G:G), 0)+IFERROR(SUMIF('6.26'!C:C, C4, '6.26'!G:G), 0)+IFERROR(SUMIF('6.27'!C:C, C4, '6.27'!G:G), 0)+IFERROR(SUMIF('6.28'!C:C, C4, '6.28'!G:G), 0)+IFERROR(SUMIF('6.29'!C:C, C4, '6.29'!G:G), 0)+IFERROR(SUMIF('6.30'!C:C, C4, '6.30'!G:G), 0)+IFERROR(SUMIF('7.1'!C:C, C4, '7.1'!G:G), 0)+IFERROR(SUMIF('7.2'!C:C, C4, '7.2'!G:G), 0)+IFERROR(SUMIF('7.3'!C:C, C4, '7.3'!G:G), 0)+IFERROR(SUMIF('7.4'!C:C, C4, '7.4'!G:G), 0)+IFERROR(SUMIF('7.5'!C:C, C4, '7.5'!G:G), 0)+IFERROR(SUMIF('7.6'!C:C, C4, '7.6'!G:G), 0)+IFERROR(SUMIF('7.7'!C:C, C4, '7.7'!G:G), 0)+IFERROR(SUMIF('7.8'!C:C, C4, '7.8'!G:G), 0)+IFERROR(SUMIF('7.9'!C:C, C4, '7.9'!G:G), 0)+IFERROR(SUMIF('7.10'!C:C, C4, '7.10'!G:G), 0)+IFERROR(SUMIF('7.11'!C:C, C4, '7.11'!G:G), 0)+IFERROR(SUMIF('7.12'!C:C, C4, '7.12'!G:G), 0)+IFERROR(SUMIF('7.13'!C:C, C4, '7.13'!G:G), 0)+IFERROR(SUMIF('7.14'!C:C, C4, '7.14'!G:G), 0)+IFERROR(SUMIF('7.15'!C:C, C4, '7.15'!G:G), 0)+IFERROR(SUMIF('7.16'!C:C, C4, '7.16'!G:G), 0)+IFERROR(SUMIF('7.17'!C:C, C4, '7.17'!G:G), 0)+IFERROR(SUMIF('7.18'!C:C, C4, '7.18'!G:G), 0)+IFERROR(SUMIF('7.19'!C:C, C4, '7.19'!G:G), 0)+IFERROR(SUMIF('7.20'!C:C, C4, '7.20'!G:G), 0)+IFERROR(SUMIF('7.21'!C:C, C4, '7.21'!G:G), 0)+IFERROR(SUMIF('7.22'!C:C, C4, '7.22'!G:G), 0)+IFERROR(SUMIF('7.23'!C:C, C4, '7.23'!G:G), 0)+IFERROR(SUMIF('7.24'!C:C, C4, '7.24'!G:G), 0)+IFERROR(SUMIF('7.25'!C:C, C4, '7.25'!G:G), 0)+IFERROR(SUMIF('7.26'!C:C, C4, '7.26'!G:G), 0)+IFERROR(SUMIF('7.27'!C:C, C4, '7.27'!G:G), 0)+IFERROR(SUMIF('7.28'!C:C, C4, '7.28'!G:G), 0)+IFERROR(SUMIF('7.29'!C:C, C4, '7.29'!G:G), 0)+IFERROR(SUMIF('7.30'!C:C, C4, '7.30'!G:G), 0)+IFERROR(SUMIF('7.31'!C:C, C4, '7.31'!G:G), 0)+IFERROR(SUMIF('8.1'!C:C, C4, '8.1'!G:G), 0)+IFERROR(SUMIF('8.2'!C:C, C4, '8.2'!G:G), 0)+IFERROR(SUMIF('8.3'!C:C, C4, '8.3'!G:G), 0)+IFERROR(SUMIF('8.4'!C:C, C4, '8.4'!G:G), 0)+IFERROR(SUMIF('8.5'!C:C, C4, '8.5'!G:G), 0)+IFERROR(SUMIF('8.6'!C:C, C4, '8.6'!G:G), 0)+IFERROR(SUMIF('8.7'!C:C, C4, '8.7'!G:G), 0)+IFERROR(SUMIF('8.8'!C:C, C4, '8.8'!G:G), 0)+IFERROR(SUMIF('8.9'!C:C, C4, '8.9'!G:G), 0)+IFERROR(SUMIF('8.10'!C:C, C4, '8.10'!G:G), 0)+IFERROR(SUMIF('8.11'!C:C, C4, '8.11'!G:G), 0)+IFERROR(SUMIF('8.12'!C:C, C4, '8.12'!G:G), 0)+IFERROR(SUMIF('8.13'!C:C, C4, '8.13'!G:G), 0)+IFERROR(SUMIF('8.14'!C:C, C4, '8.14'!G:G), 0)+IFERROR(SUMIF('8.15'!C:C, C4, '8.15'!G:G), 0)+IFERROR(SUMIF('8.16'!C:C, C4, '8.16'!G:G), 0)+IFERROR(SUMIF('8.17'!C:C, C4, '8.17'!G:G), 0)+IFERROR(SUMIF('8.18'!C:C, C4, '8.18'!G:G), 0)+IFERROR(SUMIF('8.19'!C:C, C4, '8.19'!G:G), 0)+IFERROR(SUMIF('8.20'!C:C, C4, '8.20'!G:G), 0)+IFERROR(SUMIF('8.21'!C:C, C4, '8.21'!G:G), 0)+IFERROR(SUMIF('8.22'!C:C, C4, '8.22'!G:G), 0)+IFERROR(SUMIF('8.23'!C:C, C4, '8.23'!G:G), 0)+IFERROR(SUMIF('8.24'!C:C, C4, '8.24'!G:G), 0)+IFERROR(SUMIF('8.25'!C:C, C4, '8.25'!G:G), 0)+IFERROR(SUMIF('8.26'!C:C, C4, '8.26'!G:G), 0)+IFERROR(SUMIF('8.27'!C:C, C4, '8.27'!G:G), 0)+IFERROR(SUMIF('8.28'!C:C, C4, '8.28'!G:G), 0)+IFERROR(SUMIF('8.29'!C:C, C4, '8.29'!G:G), 0)+IFERROR(SUMIF('8.30'!C:C, C4, '8.30'!G:G), 0)+IFERROR(SUMIF('8.31'!C:C, C4, '8.31'!G:G), 0)+IFERROR(SUMIF('9.1'!C:C, C4, '9.1'!G:G), 0)+IFERROR(SUMIF('9.2'!C:C, C4, '9.2'!G:G), 0)+IFERROR(SUMIF('9.3'!C:C, C4, '9.3'!G:G), 0)+IFERROR(SUMIF('9.4'!C:C, C4, '9.4'!G:G), 0)+IFERROR(SUMIF('9.5'!C:C, C4, '9.5'!G:G), 0)+IFERROR(SUMIF('9.6'!C:C, C4, '9.6'!G:G), 0)+IFERROR(SUMIF('9.7'!C:C, C4, '9.7'!G:G), 0)+IFERROR(SUMIF('9.8'!C:C, C4, '9.8'!G:G), 0)+IFERROR(SUMIF('9.9'!C:C, C4, '9.9'!G:G), 0)+IFERROR(SUMIF('9.10'!C:C, C4, '9.10'!G:G), 0)+IFERROR(SUMIF('9.11'!C:C, C4, '9.11'!G:G), 0)+IFERROR(SUMIF('9.12'!C:C, C4, '9.12'!G:G), 0)+IFERROR(SUMIF('9.13'!C:C, C4, '9.13'!G:G), 0)+IFERROR(SUMIF('9.14'!C:C, C4, '9.14'!G:G), 0)+IFERROR(SUMIF('9.15'!C:C, C4, '9.15'!G:G), 0)+IFERROR(SUMIF('9.16'!C:C, C4, '9.16'!G:G), 0)+IFERROR(SUMIF('9.17'!C:C, C4, '9.17'!G:G), 0)+IFERROR(SUMIF('9.18'!C:C, C4, '9.18'!G:G), 0)+IFERROR(SUMIF('9.19'!C:C, C4, '9.19'!G:G), 0)+IFERROR(SUMIF('9.20'!C:C, C4, '9.20'!G:G), 0)+IFERROR(SUMIF('9.21'!C:C, C4, '9.21'!G:G), 0)+IFERROR(SUMIF('9.22'!C:C, C4, '9.22'!G:G), 0)+IFERROR(SUMIF('9.23'!C:C, C4, '9.23'!G:G), 0)+IFERROR(SUMIF('9.24'!C:C, C4, '9.24'!G:G), 0)+IFERROR(SUMIF('9.25'!C:C, C4, '9.25'!G:G), 0)+IFERROR(SUMIF('9.26'!C:C, C4, '9.26'!G:G), 0)+IFERROR(SUMIF('9.27'!C:C, C4, '9.27'!G:G), 0)+IFERROR(SUMIF('9.28'!C:C, C4, '9.28'!G:G), 0)+IFERROR(SUMIF('9.29'!C:C, C4, '9.29'!G:G), 0)+IFERROR(SUMIF('9.30'!C:C, C4, '9.30'!G:G), 0)+IFERROR(SUMIF('10.1'!C:C, C4, '10.1'!G:G), 0)+IFERROR(SUMIF('10.2'!C:C, C4, '10.2'!G:G), 0)+IFERROR(SUMIF('10.3'!C:C, C4, '10.3'!G:G), 0)+IFERROR(SUMIF('10.4'!C:C, C4, '10.4'!G:G), 0)+IFERROR(SUMIF('10.5'!C:C, C4, '10.5'!G:G), 0)+IFERROR(SUMIF('10.6'!C:C, C4, '10.6'!G:G), 0)+IFERROR(SUMIF('10.7'!C:C, C4, '10.7'!G:G), 0)+IFERROR(SUMIF('10.8'!C:C, C4, '10.8'!G:G), 0)+IFERROR(SUMIF('10.9'!C:C, C4, '10.9'!G:G), 0)+IFERROR(SUMIF('10.10'!C:C, C4, '10.10'!G:G), 0)+IFERROR(SUMIF('10.11'!C:C, C4, '10.11'!G:G), 0)+IFERROR(SUMIF('10.12'!C:C, C4, '10.12'!G:G), 0)+IFERROR(SUMIF('10.13'!C:C, C4, '10.13'!G:G), 0)+IFERROR(SUMIF('10.14'!C:C, C4, '10.14'!G:G), 0)+IFERROR(SUMIF('10.15'!C:C, C4, '10.15'!G:G), 0)+IFERROR(SUMIF('10.16'!C:C, C4, '10.16'!G:G), 0)+IFERROR(SUMIF('10.17'!C:C, C4, '10.17'!G:G), 0)+IFERROR(SUMIF('10.18'!C:C, C4, '10.18'!G:G), 0)+IFERROR(SUMIF('10.19'!C:C, C4, '10.19'!G:G), 0)+IFERROR(SUMIF('10.20'!C:C, C4, '10.20'!G:G), 0)+IFERROR(SUMIF('10.21'!C:C, C4, '10.21'!G:G), 0)+IFERROR(SUMIF('10.22'!C:C, C4, '10.22'!G:G), 0)+IFERROR(SUMIF('10.23'!C:C, C4, '10.23'!G:G), 0)+IFERROR(SUMIF('10.24'!C:C, C4, '10.24'!G:G), 0)+IFERROR(SUMIF('10.25'!C:C, C4, '10.25'!G:G), 0)+IFERROR(SUMIF('10.26'!C:C, C4, '10.26'!G:G), 0)+IFERROR(SUMIF('10.27'!C:C, C4, '10.27'!G:G), 0)+IFERROR(SUMIF('10.28'!C:C, C4, '10.28'!G:G), 0)+IFERROR(SUMIF('10.29'!C:C, C4, '10.29'!G:G), 0)+IFERROR(SUMIF('10.30'!C:C, C4, '10.30'!G:G), 0)+IFERROR(SUMIF('10.31'!C:C, C4, '10.31'!G:G), 0)+IFERROR(SUMIF('11.1'!C:C, C4, '11.1'!G:G), 0)+IFERROR(SUMIF('11.2'!C:C, C4, '11.2'!G:G), 0)+IFERROR(SUMIF('11.3'!C:C, C4, '11.3'!G:G), 0)+IFERROR(SUMIF('11.4'!C:C, C4, '11.4'!G:G), 0)+IFERROR(SUMIF('11.5'!C:C, C4, '11.5'!G:G), 0)+IFERROR(SUMIF('11.6'!C:C, C4, '11.6'!G:G), 0)+IFERROR(SUMIF('11.7'!C:C, C4, '11.7'!G:G), 0)+IFERROR(SUMIF('11.8'!C:C, C4, '11.8'!G:G), 0)+IFERROR(SUMIF('11.9'!C:C, C4, '11.9'!G:G), 0)+IFERROR(SUMIF('11.10'!C:C, C4, '11.10'!G:G), 0)+IFERROR(SUMIF('11.11'!C:C, C4, '11.11'!G:G), 0)+IFERROR(SUMIF('11.12'!C:C, C4, '11.12'!G:G), 0)+IFERROR(SUMIF('11.13'!C:C, C4, '11.13'!G:G), 0)+IFERROR(SUMIF('11.14'!C:C, C4, '11.14'!G:G), 0)+IFERROR(SUMIF('11.15'!C:C, C4, '11.15'!G:G), 0)+IFERROR(SUMIF('11.16'!C:C, C4, '11.16'!G:G), 0)+IFERROR(SUMIF('11.17'!C:C, C4, '11.17'!G:G), 0)+IFERROR(SUMIF('11.18'!C:C, C4, '11.18'!G:G), 0)+IFERROR(SUMIF('11.19'!C:C, C4, '11.19'!G:G), 0)+IFERROR(SUMIF('11.20'!C:C, C4, '11.20'!G:G), 0)+IFERROR(SUMIF('11.21'!C:C, C4, '11.21'!G:G), 0)+IFERROR(SUMIF('11.22'!C:C, C4, '11.22'!G:G), 0)+IFERROR(SUMIF('11.23'!C:C, C4, '11.23'!G:G), 0)+IFERROR(SUMIF('11.24'!C:C, C4, '11.24'!G:G), 0)+IFERROR(SUMIF('11.25'!C:C, C4, '11.25'!G:G), 0)+IFERROR(SUMIF('11.26'!C:C, C4, '11.26'!G:G), 0)+IFERROR(SUMIF('11.27'!C:C, C4, '11.27'!G:G), 0)+IFERROR(SUMIF('11.28'!C:C, C4, '11.28'!G:G), 0)+IFERROR(SUMIF('11.29'!C:C, C4, '11.29'!G:G), 0)+IFERROR(SUMIF('11.30'!C:C, C4, '11.30'!G:G), 0)+IFERROR(SUMIF('12.1'!C:C, C4, '12.1'!G:G), 0)+IFERROR(SUMIF('12.2'!C:C, C4, '12.2'!G:G), 0)+IFERROR(SUMIF('12.3'!C:C, C4, '12.3'!G:G), 0)+IFERROR(SUMIF('12.4'!C:C, C4, '12.4'!G:G), 0)+IFERROR(SUMIF('12.5'!C:C, C4, '12.5'!G:G), 0)+IFERROR(SUMIF('12.6'!C:C, C4, '12.6'!G:G), 0)+IFERROR(SUMIF('12.7'!C:C, C4, '12.7'!G:G), 0)+IFERROR(SUMIF('12.8'!C:C, C4, '12.8'!G:G), 0)+IFERROR(SUMIF('12.9'!C:C, C4, '12.9'!G:G), 0)+IFERROR(SUMIF('12.10'!C:C, C4, '12.10'!G:G), 0)+IFERROR(SUMIF('12.11'!C:C, C4, '12.11'!G:G), 0)+IFERROR(SUMIF('12.12'!C:C, C4, '12.12'!G:G), 0)+IFERROR(SUMIF('12.13'!C:C, C4, '12.13'!G:G), 0)+IFERROR(SUMIF('12.14'!C:C, C4, '12.14'!G:G), 0)+IFERROR(SUMIF('12.15'!C:C, C4, '12.15'!G:G), 0)+IFERROR(SUMIF('12.16'!C:C, C4, '12.16'!G:G), 0)+IFERROR(SUMIF('12.17'!C:C, C4, '12.17'!G:G), 0)+IFERROR(SUMIF('12.18'!C:C, C4, '12.18'!G:G), 0)+IFERROR(SUMIF('12.19'!C:C, C4, '12.19'!G:G), 0)+IFERROR(SUMIF('12.20'!C:C, C4, '12.20'!G:G), 0)+IFERROR(SUMIF('12.21'!C:C, C4, '12.21'!G:G), 0)+IFERROR(SUMIF('12.22'!C:C, C4, '12.22'!G:G), 0)+IFERROR(SUMIF('12.23'!C:C, C4, '12.23'!G:G), 0)+IFERROR(SUMIF('12.24'!C:C, C4, '12.24'!G:G), 0)+IFERROR(SUMIF('12.25'!C:C, C4, '12.25'!G:G), 0)+IFERROR(SUMIF('12.26'!C:C, C4, '12.26'!G:G), 0)+IFERROR(SUMIF('12.27'!C:C, C4, '12.27'!G:G), 0)+IFERROR(SUMIF('12.28'!C:C, C4, '12.28'!G:G), 0)+IFERROR(SUMIF('12.29'!C:C, C4, '12.29'!G:G), 0)+IFERROR(SUMIF('12.30'!C:C, C4, '12.30'!G:G), 0)+IFERROR(SUMIF('12.31'!C:C, C4, '12.31'!G:G), 0) -> 0
A5: 2 | B5: Pucuk Ubi | C5: 番薯叶 | D5: Frt & Veg/蔬果 | E5: bag / 袋 | F5: =IFERROR(SUMIF('1.1'!C:C, C5, '1.1'!E:E), 0)+IFERROR(SUMIF('1.2'!C:C, C5, '1.2'!E:E), 0)+IFERROR(SUMIF('1.3'!C:C, C5, '1.3'!E:E), 0)+IFERROR(SUMIF('1.4'!C:C, C5, '1.4'!E:E), 0)+IFERROR(SUMIF('1.5'!C:C, C5, '1.5'!E:E), 0)+IFERROR(SUMIF('1.6'!C:C, C5, '1.6'!E:E), 0)+IFERROR(SUMIF('1.7'!C:C, C5, '1.7'!E:E), 0)+IFERROR(SUMIF('1.8'!C:C, C5, '1.8'!E:E), 0)+IFERROR(SUMIF('1.9'!C:C, C5, '1.9'!E:E), 0)+IFERROR(SUMIF('1.10'!C:C, C5, '1.10'!E:E), 0)+IFERROR(SUMIF('1.11'!C:C, C5, '1.11'!E:E), 0)+IFERROR(SUMIF('1.12'!C:C, C5, '1.12'!E:E), 0)+IFERROR(SUMIF('1.13'!C:C, C5, '1.13'!E:E), 0)+IFERROR(SUMIF('1.14'!C:C, C5, '1.14'!E:E), 0)+IFERROR(SUMIF('1.15'!C:C, C5, '1.15'!E:E), 0)+IFERROR(SUMIF('1.16'!C:C, C5, '1.16'!E:E), 0)+IFERROR(SUMIF('1.17'!C:C, C5, '1.17'!E:E), 0)+IFERROR(SUMIF('1.18'!C:C, C5, '1.18'!E:E), 0)+IFERROR(SUMIF('1.19'!C:C, C5, '1.19'!E:E), 0)+IFERROR(SUMIF('1.20'!C:C, C5, '1.20'!E:E), 0)+IFERROR(SUMIF('1.21'!C:C, C5, '1.21'!E:E), 0)+IFERROR(SUMIF('1.22'!C:C, C5, '1.22'!E:E), 0)+IFERROR(SUMIF('1.23'!C:C, C5, '1.23'!E:E), 0)+IFERROR(SUMIF('1.24'!C:C, C5, '1.24'!E:E), 0)+IFERROR(SUMIF('1.25'!C:C, C5, '1.25'!E:E), 0)+IFERROR(SUMIF('1.26'!C:C, C5, '1.26'!E:E), 0)+IFERROR(SUMIF('1.27'!C:C, C5, '1.27'!E:E), 0)+IFERROR(SUMIF('1.28'!C:C, C5, '1.28'!E:E), 0)+IFERROR(SUMIF('1.29'!C:C, C5, '1.29'!E:E), 0)+IFERROR(SUMIF('1.30'!C:C, C5, '1.30'!E:E), 0)+IFERROR(SUMIF('1.31'!C:C, C5, '1.31'!E:E), 0)+IFERROR(SUMIF('2.1'!C:C, C5, '2.1'!E:E), 0)+IFERROR(SUMIF('2.2'!C:C, C5, '2.2'!E:E), 0)+IFERROR(SUMIF('2.3'!C:C, C5, '2.3'!E:E), 0)+IFERROR(SUMIF('2.4'!C:C, C5, '2.4'!E:E), 0)+IFERROR(SUMIF('2.5'!C:C, C5, '2.5'!E:E), 0)+IFERROR(SUMIF('2.6'!C:C, C5, '2.6'!E:E), 0)+IFERROR(SUMIF('2.7'!C:C, C5, '2.7'!E:E), 0)+IFERROR(SUMIF('2.8'!C:C, C5, '2.8'!E:E), 0)+IFERROR(SUMIF('2.9'!C:C, C5, '2.9'!E:E), 0)+IFERROR(SUMIF('2.10'!C:C, C5, '2.10'!E:E), 0)+IFERROR(SUMIF('2.11'!C:C, C5, '2.11'!E:E), 0)+IFERROR(SUMIF('2.12'!C:C, C5, '2.12'!E:E), 0)+IFERROR(SUMIF('2.13'!C:C, C5, '2.13'!E:E), 0)+IFERROR(SUMIF('2.14'!C:C, C5, '2.14'!E:E), 0)+IFERROR(SUMIF('2.15'!C:C, C5, '2.15'!E:E), 0)+IFERROR(SUMIF('2.16'!C:C, C5, '2.16'!E:E), 0)+IFERROR(SUMIF('2.17'!C:C, C5, '2.17'!E:E), 0)+IFERROR(SUMIF('2.18'!C:C, C5, '2.18'!E:E), 0)+IFERROR(SUMIF('2.19'!C:C, C5, '2.19'!E:E), 0)+IFERROR(SUMIF('2.20'!C:C, C5, '2.20'!E:E), 0)+IFERROR(SUMIF('2.21'!C:C, C5, '2.21'!E:E), 0)+IFERROR(SUMIF('2.22'!C:C, C5, '2.22'!E:E), 0)+IFERROR(SUMIF('2.23'!C:C, C5, '2.23'!E:E), 0)+IFERROR(SUMIF('2.24'!C:C, C5, '2.24'!E:E), 0)+IFERROR(SUMIF('2.25'!C:C, C5, '2.25'!E:E), 0)+IFERROR(SUMIF('2.26'!C:C, C5, '2.26'!E:E), 0)+IFERROR(SUMIF('2.27'!C:C, C5, '2.27'!E:E), 0)+IFERROR(SUMIF('2.28'!C:C, C5, '2.28'!E:E), 0)+IFERROR(SUMIF('3.1'!C:C, C5, '3.1'!E:E), 0)+IFERROR(SUMIF('3.2'!C:C, C5, '3.2'!E:E), 0)+IFERROR(SUMIF('3.3'!C:C, C5, '3.3'!E:E), 0)+IFERROR(SUMIF('3.4'!C:C, C5, '3.4'!E:E), 0)+IFERROR(SUMIF('3.5'!C:C, C5, '3.5'!E:E), 0)+IFERROR(SUMIF('3.6'!C:C, C5, '3.6'!E:E), 0)+IFERROR(SUMIF('3.7'!C:C, C5, '3.7'!E:E), 0)+IFERROR(SUMIF('3.8'!C:C, C5, '3.8'!E:E), 0)+IFERROR(SUMIF('3.9'!C:C, C5, '3.9'!E:E), 0)+IFERROR(SUMIF('3.10'!C:C, C5, '3.10'!E:E), 0)+IFERROR(SUMIF('3.11'!C:C, C5, '3.11'!E:E), 0)+IFERROR(SUMIF('3.12'!C:C, C5, '3.12'!E:E), 0)+IFERROR(SUMIF('3.13'!C:C, C5, '3.13'!E:E), 0)+IFERROR(SUMIF('3.14'!C:C, C5, '3.14'!E:E), 0)+IFERROR(SUMIF('3.15'!C:C, C5, '3.15'!E:E), 0)+IFERROR(SUMIF('3.16'!C:C, C5, '3.16'!E:E), 0)+IFERROR(SUMIF('3.17'!C:C, C5, '3.17'!E:E), 0)+IFERROR(SUMIF('3.18'!C:C, C5, '3.18'!E:E), 0)+IFERROR(SUMIF('3.19'!C:C, C5, '3.19'!E:E), 0)+IFERROR(SUMIF('3.20'!C:C, C5, '3.20'!E:E), 0)+IFERROR(SUMIF('3.21'!C:C, C5, '3.21'!E:E), 0)+IFERROR(SUMIF('3.22'!C:C, C5, '3.22'!E:E), 0)+IFERROR(SUMIF('3.23'!C:C, C5, '3.23'!E:E), 0)+IFERROR(SUMIF('3.24'!C:C, C5, '3.24'!E:E), 0)+IFERROR(SUMIF('3.25'!C:C, C5, '3.25'!E:E), 0)+IFERROR(SUMIF('3.26'!C:C, C5, '3.26'!E:E), 0)+IFERROR(SUMIF('3.27'!C:C, C5, '3.27'!E:E), 0)+IFERROR(SUMIF('3.28'!C:C, C5, '3.28'!E:E), 0)+IFERROR(SUMIF('3.29'!C:C, C5, '3.29'!E:E), 0)+IFERROR(SUMIF('3.30'!C:C, C5, '3.30'!E:E), 0)+IFERROR(SUMIF('3.31'!C:C, C5, '3.31'!E:E), 0)+IFERROR(SUMIF('4.1'!C:C, C5, '4.1'!E:E), 0)+IFERROR(SUMIF('4.2'!C:C, C5, '4.2'!E:E), 0)+IFERROR(SUMIF('4.3'!C:C, C5, '4.3'!E:E), 0)+IFERROR(SUMIF('4.4'!C:C, C5, '4.4'!E:E), 0)+IFERROR(SUMIF('4.5'!C:C, C5, '4.5'!E:E), 0)+IFERROR(SUMIF('4.6'!C:C, C5, '4.6'!E:E), 0)+IFERROR(SUMIF('4.7'!C:C, C5, '4.7'!E:E), 0)+IFERROR(SUMIF('4.8'!C:C, C5, '4.8'!E:E), 0)+IFERROR(SUMIF('4.9'!C:C, C5, '4.9'!E:E), 0)+IFERROR(SUMIF('4.10'!C:C, C5, '4.10'!E:E), 0)+IFERROR(SUMIF('4.11'!C:C, C5, '4.11'!E:E), 0)+IFERROR(SUMIF('4.12'!C:C, C5, '4.12'!E:E), 0)+IFERROR(SUMIF('4.13'!C:C, C5, '4.13'!E:E), 0)+IFERROR(SUMIF('4.14'!C:C, C5, '4.14'!E:E), 0)+IFERROR(SUMIF('4.15'!C:C, C5, '4.15'!E:E), 0)+IFERROR(SUMIF('4.16'!C:C, C5, '4.16'!E:E), 0)+IFERROR(SUMIF('4.17'!C:C, C5, '4.17'!E:E), 0)+IFERROR(SUMIF('4.18'!C:C, C5, '4.18'!E:E), 0)+IFERROR(SUMIF('4.19'!C:C, C5, '4.19'!E:E), 0)+IFERROR(SUMIF('4.20'!C:C, C5, '4.20'!E:E), 0)+IFERROR(SUMIF('4.21'!C:C, C5, '4.21'!E:E), 0)+IFERROR(SUMIF('4.22'!C:C, C5, '4.22'!E:E), 0)+IFERROR(SUMIF('4.23'!C:C, C5, '4.23'!E:E), 0)+IFERROR(SUMIF('4.24'!C:C, C5, '4.24'!E:E), 0)+IFERROR(SUMIF('4.25'!C:C, C5, '4.25'!E:E), 0)+IFERROR(SUMIF('4.26'!C:C, C5, '4.26'!E:E), 0)+IFERROR(SUMIF('4.27'!C:C, C5, '4.27'!E:E), 0)+IFERROR(SUMIF('4.28'!C:C, C5, '4.28'!E:E), 0)+IFERROR(SUMIF('4.29'!C:C, C5, '4.29'!E:E), 0)+IFERROR(SUMIF('4.30'!C:C, C5, '4.30'!E:E), 0)+IFERROR(SUMIF('5.1'!C:C, C5, '5.1'!E:E), 0)+IFERROR(SUMIF('5.2'!C:C, C5, '5.2'!E:E), 0)+IFERROR(SUMIF('5.3'!C:C, C5, '5.3'!E:E), 0)+IFERROR(SUMIF('5.4'!C:C, C5, '5.4'!E:E), 0)+IFERROR(SUMIF('5.5'!C:C, C5, '5.5'!E:E), 0)+IFERROR(SUMIF('5.6'!C:C, C5, '5.6'!E:E), 0)+IFERROR(SUMIF('5.7'!C:C, C5, '5.7'!E:E), 0)+IFERROR(SUMIF('5.8'!C:C, C5, '5.8'!E:E), 0)+IFERROR(SUMIF('5.9'!C:C, C5, '5.9'!E:E), 0)+IFERROR(SUMIF('5.10'!C:C, C5, '5.10'!E:E), 0)+IFERROR(SUMIF('5.11'!C:C, C5, '5.11'!E:E), 0)+IFERROR(SUMIF('5.12'!C:C, C5, '5.12'!E:E), 0)+IFERROR(SUMIF('5.13'!C:C, C5, '5.13'!E:E), 0)+IFERROR(SUMIF('5.14'!C:C, C5, '5.14'!E:E), 0)+IFERROR(SUMIF('5.15'!C:C, C5, '5.15'!E:E), 0)+IFERROR(SUMIF('5.16'!C:C, C5, '5.16'!E:E), 0)+IFERROR(SUMIF('5.17'!C:C, C5, '5.17'!E:E), 0)+IFERROR(SUMIF('5.18'!C:C, C5, '5.18'!E:E), 0)+IFERROR(SUMIF('5.19'!C:C, C5, '5.19'!E:E), 0)+IFERROR(SUMIF('5.20'!C:C, C5, '5.20'!E:E), 0)+IFERROR(SUMIF('5.21'!C:C, C5, '5.21'!E:E), 0)+IFERROR(SUMIF('5.22'!C:C, C5, '5.22'!E:E), 0)+IFERROR(SUMIF('5.23'!C:C, C5, '5.23'!E:E), 0)+IFERROR(SUMIF('5.24'!C:C, C5, '5.24'!E:E), 0)+IFERROR(SUMIF('5.25'!C:C, C5, '5.25'!E:E), 0)+IFERROR(SUMIF('5.26'!C:C, C5, '5.26'!E:E), 0)+IFERROR(SUMIF('5.27'!C:C, C5, '5.27'!E:E), 0)+IFERROR(SUMIF('5.28'!C:C, C5, '5.28'!E:E), 0)+IFERROR(SUMIF('5.29'!C:C, C5, '5.29'!E:E), 0)+IFERROR(SUMIF('5.30'!C:C, C5, '5.30'!E:E), 0)+IFERROR(SUMIF('5.31'!C:C, C5, '5.31'!E:E), 0)+IFERROR(SUMIF('6.1'!C:C, C5, '6.1'!E:E), 0)+IFERROR(SUMIF('6.2'!C:C, C5, '6.2'!E:E), 0)+IFERROR(SUMIF('6.3'!C:C, C5, '6.3'!E:E), 0)+IFERROR(SUMIF('6.4'!C:C, C5, '6.4'!E:E), 0)+IFERROR(SUMIF('6.5'!C:C, C5, '6.5'!E:E), 0)+IFERROR(SUMIF('6.6'!C:C, C5, '6.6'!E:E), 0)+IFERROR(SUMIF('6.7'!C:C, C5, '6.7'!E:E), 0)+IFERROR(SUMIF('6.8'!C:C, C5, '6.8'!E:E), 0)+IFERROR(SUMIF('6.9'!C:C, C5, '6.9'!E:E), 0)+IFERROR(SUMIF('6.10'!C:C, C5, '6.10'!E:E), 0)+IFERROR(SUMIF('6.11'!C:C, C5, '6.11'!E:E), 0)+IFERROR(SUMIF('6.12'!C:C, C5, '6.12'!E:E), 0)+IFERROR(SUMIF('6.13'!C:C, C5, '6.13'!E:E), 0)+IFERROR(SUMIF('6.14'!C:C, C5, '6.14'!E:E), 0)+IFERROR(SUMIF('6.15'!C:C, C5, '6.15'!E:E), 0)+IFERROR(SUMIF('6.16'!C:C, C5, '6.16'!E:E), 0)+IFERROR(SUMIF('6.17'!C:C, C5, '6.17'!E:E), 0)+IFERROR(SUMIF('6.18'!C:C, C5, '6.18'!E:E), 0)+IFERROR(SUMIF('6.19'!C:C, C5, '6.19'!E:E), 0)+IFERROR(SUMIF('6.20'!C:C, C5, '6.20'!E:E), 0)+IFERROR(SUMIF('6.21'!C:C, C5, '6.21'!E:E), 0)+IFERROR(SUMIF('6.22'!C:C, C5, '6.22'!E:E), 0)+IFERROR(SUMIF('6.23'!C:C, C5, '6.23'!E:E), 0)+IFERROR(SUMIF('6.24'!C:C, C5, '6.24'!E:E), 0)+IFERROR(SUMIF('6.25'!C:C, C5, '6.25'!E:E), 0)+IFERROR(SUMIF('6.26'!C:C, C5, '6.26'!E:E), 0)+IFERROR(SUMIF('6.27'!C:C, C5, '6.27'!E:E), 0)+IFERROR(SUMIF('6.28'!C:C, C5, '6.28'!E:E), 0)+IFERROR(SUMIF('6.29'!C:C, C5, '6.29'!E:E), 0)+IFERROR(SUMIF('6.30'!C:C, C5, '6.30'!E:E), 0)+IFERROR(SUMIF('7.1'!C:C, C5, '7.1'!E:E), 0)+IFERROR(SUMIF('7.2'!C:C, C5, '7.2'!E:E), 0)+IFERROR(SUMIF('7.3'!C:C, C5, '7.3'!E:E), 0)+IFERROR(SUMIF('7.4'!C:C, C5, '7.4'!E:E), 0)+IFERROR(SUMIF('7.5'!C:C, C5, '7.5'!E:E), 0)+IFERROR(SUMIF('7.6'!C:C, C5, '7.6'!E:E), 0)+IFERROR(SUMIF('7.7'!C:C, C5, '7.7'!E:E), 0)+IFERROR(SUMIF('7.8'!C:C, C5, '7.8'!E:E), 0)+IFERROR(SUMIF('7.9'!C:C, C5, '7.9'!E:E), 0)+IFERROR(SUMIF('7.10'!C:C, C5, '7.10'!E:E), 0)+IFERROR(SUMIF('7.11'!C:C, C5, '7.11'!E:E), 0)+IFERROR(SUMIF('7.12'!C:C, C5, '7.12'!E:E), 0)+IFERROR(SUMIF('7.13'!C:C, C5, '7.13'!E:E), 0)+IFERROR(SUMIF('7.14'!C:C, C5, '7.14'!E:E), 0)+IFERROR(SUMIF('7.15'!C:C, C5, '7.15'!E:E), 0)+IFERROR(SUMIF('7.16'!C:C, C5, '7.16'!E:E), 0)+IFERROR(SUMIF('7.17'!C:C, C5, '7.17'!E:E), 0)+IFERROR(SUMIF('7.18'!C:C, C5, '7.18'!E:E), 0)+IFERROR(SUMIF('7.19'!C:C, C5, '7.19'!E:E), 0)+IFERROR(SUMIF('7.20'!C:C, C5, '7.20'!E:E), 0)+IFERROR(SUMIF('7.21'!C:C, C5, '7.21'!E:E), 0)+IFERROR(SUMIF('7.22'!C:C, C5, '7.22'!E:E), 0)+IFERROR(SUMIF('7.23'!C:C, C5, '7.23'!E:E), 0)+IFERROR(SUMIF('7.24'!C:C, C5, '7.24'!E:E), 0)+IFERROR(SUMIF('7.25'!C:C, C5, '7.25'!E:E), 0)+IFERROR(SUMIF('7.26'!C:C, C5, '7.26'!E:E), 0)+IFERROR(SUMIF('7.27'!C:C, C5, '7.27'!E:E), 0)+IFERROR(SUMIF('7.28'!C:C, C5, '7.28'!E:E), 0)+IFERROR(SUMIF('7.29'!C:C, C5, '7.29'!E:E), 0)+IFERROR(SUMIF('7.30'!C:C, C5, '7.30'!E:E), 0)+IFERROR(SUMIF('7.31'!C:C, C5, '7.31'!E:E), 0)+IFERROR(SUMIF('8.1'!C:C, C5, '8.1'!E:E), 0)+IFERROR(SUMIF('8.2'!C:C, C5, '8.2'!E:E), 0)+IFERROR(SUMIF('8.3'!C:C, C5, '8.3'!E:E), 0)+IFERROR(SUMIF('8.4'!C:C, C5, '8.4'!E:E), 0)+IFERROR(SUMIF('8.5'!C:C, C5, '8.5'!E:E), 0)+IFERROR(SUMIF('8.6'!C:C, C5, '8.6'!E:E), 0)+IFERROR(SUMIF('8.7'!C:C, C5, '8.7'!E:E), 0)+IFERROR(SUMIF('8.8'!C:C, C5, '8.8'!E:E), 0)+IFERROR(SUMIF('8.9'!C:C, C5, '8.9'!E:E), 0)+IFERROR(SUMIF('8.10'!C:C, C5, '8.10'!E:E), 0)+IFERROR(SUMIF('8.11'!C:C, C5, '8.11'!E:E), 0)+IFERROR(SUMIF('8.12'!C:C, C5, '8.12'!E:E), 0)+IFERROR(SUMIF('8.13'!C:C, C5, '8.13'!E:E), 0)+IFERROR(SUMIF('8.14'!C:C, C5, '8.14'!E:E), 0)+IFERROR(SUMIF('8.15'!C:C, C5, '8.15'!E:E), 0)+IFERROR(SUMIF('8.16'!C:C, C5, '8.16'!E:E), 0)+IFERROR(SUMIF('8.17'!C:C, C5, '8.17'!E:E), 0)+IFERROR(SUMIF('8.18'!C:C, C5, '8.18'!E:E), 0)+IFERROR(SUMIF('8.19'!C:C, C5, '8.19'!E:E), 0)+IFERROR(SUMIF('8.20'!C:C, C5, '8.20'!E:E), 0)+IFERROR(SUMIF('8.21'!C:C, C5, '8.21'!E:E), 0)+IFERROR(SUMIF('8.22'!C:C, C5, '8.22'!E:E), 0)+IFERROR(SUMIF('8.23'!C:C, C5, '8.23'!E:E), 0)+IFERROR(SUMIF('8.24'!C:C, C5, '8.24'!E:E), 0)+IFERROR(SUMIF('8.25'!C:C, C5, '8.25'!E:E), 0)+IFERROR(SUMIF('8.26'!C:C, C5, '8.26'!E:E), 0)+IFERROR(SUMIF('8.27'!C:C, C5, '8.27'!E:E), 0)+IFERROR(SUMIF('8.28'!C:C, C5, '8.28'!E:E), 0)+IFERROR(SUMIF('8.29'!C:C, C5, '8.29'!E:E), 0)+IFERROR(SUMIF('8.30'!C:C, C5, '8.30'!E:E), 0)+IFERROR(SUMIF('8.31'!C:C, C5, '8.31'!E:E), 0)+IFERROR(SUMIF('9.1'!C:C, C5, '9.1'!E:E), 0)+IFERROR(SUMIF('9.2'!C:C, C5, '9.2'!E:E), 0)+IFERROR(SUMIF('9.3'!C:C, C5, '9.3'!E:E), 0)+IFERROR(SUMIF('9.4'!C:C, C5, '9.4'!E:E), 0)+IFERROR(SUMIF('9.5'!C:C, C5, '9.5'!E:E), 0)+IFERROR(SUMIF('9.6'!C:C, C5, '9.6'!E:E), 0)+IFERROR(SUMIF('9.7'!C:C, C5, '9.7'!E:E), 0)+IFERROR(SUMIF('9.8'!C:C, C5, '9.8'!E:E), 0)+IFERROR(SUMIF('9.9'!C:C, C5, '9.9'!E:E), 0)+IFERROR(SUMIF('9.10'!C:C, C5, '9.10'!E:E), 0)+IFERROR(SUMIF('9.11'!C:C, C5, '9.11'!E:E), 0)+IFERROR(SUMIF('9.12'!C:C, C5, '9.12'!E:E), 0)+IFERROR(SUMIF('9.13'!C:C, C5, '9.13'!E:E), 0)+IFERROR(SUMIF('9.14'!C:C, C5, '9.14'!E:E), 0)+IFERROR(SUMIF('9.15'!C:C, C5, '9.15'!E:E), 0)+IFERROR(SUMIF('9.16'!C:C, C5, '9.16'!E:E), 0)+IFERROR(SUMIF('9.17'!C:C, C5, '9.17'!E:E), 0)+IFERROR(SUMIF('9.18'!C:C, C5, '9.18'!E:E), 0)+IFERROR(SUMIF('9.19'!C:C, C5, '9.19'!E:E), 0)+IFERROR(SUMIF('9.20'!C:C, C5, '9.20'!E:E), 0)+IFERROR(SUMIF('9.21'!C:C, C5, '9.21'!E:E), 0)+IFERROR(SUMIF('9.22'!C:C, C5, '9.22'!E:E), 0)+IFERROR(SUMIF('9.23'!C:C, C5, '9.23'!E:E), 0)+IFERROR(SUMIF('9.24'!C:C, C5, '9.24'!E:E), 0)+IFERROR(SUMIF('9.25'!C:C, C5, '9.25'!E:E), 0)+IFERROR(SUMIF('9.26'!C:C, C5, '9.26'!E:E), 0)+IFERROR(SUMIF('9.27'!C:C, C5, '9.27'!E:E), 0)+IFERROR(SUMIF('9.28'!C:C, C5, '9.28'!E:E), 0)+IFERROR(SUMIF('9.29'!C:C, C5, '9.29'!E:E), 0)+IFERROR(SUMIF('9.30'!C:C, C5, '9.30'!E:E), 0)+IFERROR(SUMIF('10.1'!C:C, C5, '10.1'!E:E), 0)+IFERROR(SUMIF('10.2'!C:C, C5, '10.2'!E:E), 0)+IFERROR(SUMIF('10.3'!C:C, C5, '10.3'!E:E), 0)+IFERROR(SUMIF('10.4'!C:C, C5, '10.4'!E:E), 0)+IFERROR(SUMIF('10.5'!C:C, C5, '10.5'!E:E), 0)+IFERROR(SUMIF('10.6'!C:C, C5, '10.6'!E:E), 0)+IFERROR(SUMIF('10.7'!C:C, C5, '10.7'!E:E), 0)+IFERROR(SUMIF('10.8'!C:C, C5, '10.8'!E:E), 0)+IFERROR(SUMIF('10.9'!C:C, C5, '10.9'!E:E), 0)+IFERROR(SUMIF('10.10'!C:C, C5, '10.10'!E:E), 0)+IFERROR(SUMIF('10.11'!C:C, C5, '10.11'!E:E), 0)+IFERROR(SUMIF('10.12'!C:C, C5, '10.12'!E:E), 0)+IFERROR(SUMIF('10.13'!C:C, C5, '10.13'!E:E), 0)+IFERROR(SUMIF('10.14'!C:C, C5, '10.14'!E:E), 0)+IFERROR(SUMIF('10.15'!C:C, C5, '10.15'!E:E), 0)+IFERROR(SUMIF('10.16'!C:C, C5, '10.16'!E:E), 0)+IFERROR(SUMIF('10.17'!C:C, C5, '10.17'!E:E), 0)+IFERROR(SUMIF('10.18'!C:C, C5, '10.18'!E:E), 0)+IFERROR(SUMIF('10.19'!C:C, C5, '10.19'!E:E), 0)+IFERROR(SUMIF('10.20'!C:C, C5, '10.20'!E:E), 0)+IFERROR(SUMIF('10.21'!C:C, C5, '10.21'!E:E), 0)+IFERROR(SUMIF('10.22'!C:C, C5, '10.22'!E:E), 0)+IFERROR(SUMIF('10.23'!C:C, C5, '10.23'!E:E), 0)+IFERROR(SUMIF('10.24'!C:C, C5, '10.24'!E:E), 0)+IFERROR(SUMIF('10.25'!C:C, C5, '10.25'!E:E), 0)+IFERROR(SUMIF('10.26'!C:C, C5, '10.26'!E:E), 0)+IFERROR(SUMIF('10.27'!C:C, C5, '10.27'!E:E), 0)+IFERROR(SUMIF('10.28'!C:C, C5, '10.28'!E:E), 0)+IFERROR(SUMIF('10.29'!C:C, C5, '10.29'!E:E), 0)+IFERROR(SUMIF('10.30'!C:C, C5, '10.30'!E:E), 0)+IFERROR(SUMIF('10.31'!C:C, C5, '10.31'!E:E), 0)+IFERROR(SUMIF('11.1'!C:C, C5, '11.1'!E:E), 0)+IFERROR(SUMIF('11.2'!C:C, C5, '11.2'!E:E), 0)+IFERROR(SUMIF('11.3'!C:C, C5, '11.3'!E:E), 0)+IFERROR(SUMIF('11.4'!C:C, C5, '11.4'!E:E), 0)+IFERROR(SUMIF('11.5'!C:C, C5, '11.5'!E:E), 0)+IFERROR(SUMIF('11.6'!C:C, C5, '11.6'!E:E), 0)+IFERROR(SUMIF('11.7'!C:C, C5, '11.7'!E:E), 0)+IFERROR(SUMIF('11.8'!C:C, C5, '11.8'!E:E), 0)+IFERROR(SUMIF('11.9'!C:C, C5, '11.9'!E:E), 0)+IFERROR(SUMIF('11.10'!C:C, C5, '11.10'!E:E), 0)+IFERROR(SUMIF('11.11'!C:C, C5, '11.11'!E:E), 0)+IFERROR(SUMIF('11.12'!C:C, C5, '11.12'!E:E), 0)+IFERROR(SUMIF('11.13'!C:C, C5, '11.13'!E:E), 0)+IFERROR(SUMIF('11.14'!C:C, C5, '11.14'!E:E), 0)+IFERROR(SUMIF('11.15'!C:C, C5, '11.15'!E:E), 0)+IFERROR(SUMIF('11.16'!C:C, C5, '11.16'!E:E), 0)+IFERROR(SUMIF('11.17'!C:C, C5, '11.17'!E:E), 0)+IFERROR(SUMIF('11.18'!C:C, C5, '11.18'!E:E), 0)+IFERROR(SUMIF('11.19'!C:C, C5, '11.19'!E:E), 0)+IFERROR(SUMIF('11.20'!C:C, C5, '11.20'!E:E), 0)+IFERROR(SUMIF('11.21'!C:C, C5, '11.21'!E:E), 0)+IFERROR(SUMIF('11.22'!C:C, C5, '11.22'!E:E), 0)+IFERROR(SUMIF('11.23'!C:C, C5, '11.23'!E:E), 0)+IFERROR(SUMIF('11.24'!C:C, C5, '11.24'!E:E), 0)+IFERROR(SUMIF('11.25'!C:C, C5, '11.25'!E:E), 0)+IFERROR(SUMIF('11.26'!C:C, C5, '11.26'!E:E), 0)+IFERROR(SUMIF('11.27'!C:C, C5, '11.27'!E:E), 0)+IFERROR(SUMIF('11.28'!C:C, C5, '11.28'!E:E), 0)+IFERROR(SUMIF('11.29'!C:C, C5, '11.29'!E:E), 0)+IFERROR(SUMIF('11.30'!C:C, C5, '11.30'!E:E), 0)+IFERROR(SUMIF('12.1'!C:C, C5, '12.1'!E:E), 0)+IFERROR(SUMIF('12.2'!C:C, C5, '12.2'!E:E), 0)+IFERROR(SUMIF('12.3'!C:C, C5, '12.3'!E:E), 0)+IFERROR(SUMIF('12.4'!C:C, C5, '12.4'!E:E), 0)+IFERROR(SUMIF('12.5'!C:C, C5, '12.5'!E:E), 0)+IFERROR(SUMIF('12.6'!C:C, C5, '12.6'!E:E), 0)+IFERROR(SUMIF('12.7'!C:C, C5, '12.7'!E:E), 0)+IFERROR(SUMIF('12.8'!C:C, C5, '12.8'!E:E), 0)+IFERROR(SUMIF('12.9'!C:C, C5, '12.9'!E:E), 0)+IFERROR(SUMIF('12.10'!C:C, C5, '12.10'!E:E), 0)+IFERROR(SUMIF('12.11'!C:C, C5, '12.11'!E:E), 0)+IFERROR(SUMIF('12.12'!C:C, C5, '12.12'!E:E), 0)+IFERROR(SUMIF('12.13'!C:C, C5, '12.13'!E:E), 0)+IFERROR(SUMIF('12.14'!C:C, C5, '12.14'!E:E), 0)+IFERROR(SUMIF('12.15'!C:C, C5, '12.15'!E:E), 0)+IFERROR(SUMIF('12.16'!C:C, C5, '12.16'!E:E), 0)+IFERROR(SUMIF('12.17'!C:C, C5, '12.17'!E:E), 0)+IFERROR(SUMIF('12.18'!C:C, C5, '12.18'!E:E), 0)+IFERROR(SUMIF('12.19'!C:C, C5, '12.19'!E:E), 0)+IFERROR(SUMIF('12.20'!C:C, C5, '12.20'!E:E), 0)+IFERROR(SUMIF('12.21'!C:C, C5, '12.21'!E:E), 0)+IFERROR(SUMIF('12.22'!C:C, C5, '12.22'!E:E), 0)+IFERROR(SUMIF('12.23'!C:C, C5, '12.23'!E:E), 0)+IFERROR(SUMIF('12.24'!C:C, C5, '12.24'!E:E), 0)+IFERROR(SUMIF('12.25'!C:C, C5, '12.25'!E:E), 0)+IFERROR(SUMIF('12.26'!C:C, C5, '12.26'!E:E), 0)+IFERROR(SUMIF('12.27'!C:C, C5, '12.27'!E:E), 0)+IFERROR(SUMIF('12.28'!C:C, C5, '12.28'!E:E), 0)+IFERROR(SUMIF('12.29'!C:C, C5, '12.29'!E:E), 0)+IFERROR(SUMIF('12.30'!C:C, C5, '12.30'!E:E), 0)+IFERROR(SUMIF('12.31'!C:C, C5, '12.31'!E:E), 0) -> 0 | G5: =IFERROR(SUMIF('1.1'!C:C, C5, '1.1'!G:G), 0)+IFERROR(SUMIF('1.2'!C:C, C5, '1.2'!G:G), 0)+IFERROR(SUMIF('1.3'!C:C, C5, '1.3'!G:G), 0)+IFERROR(SUMIF('1.4'!C:C, C5, '1.4'!G:G), 0)+IFERROR(SUMIF('1.5'!C:C, C5, '1.5'!G:G), 0)+IFERROR(SUMIF('1.6'!C:C, C5, '1.6'!G:G), 0)+IFERROR(SUMIF('1.7'!C:C, C5, '1.7'!G:G), 0)+IFERROR(SUMIF('1.8'!C:C, C5, '1.8'!G:G), 0)+IFERROR(SUMIF('1.9'!C:C, C5, '1.9'!G:G), 0)+IFERROR(SUMIF('1.10'!C:C, C5, '1.10'!G:G), 0)+IFERROR(SUMIF('1.11'!C:C, C5, '1.11'!G:G), 0)+IFERROR(SUMIF('1.12'!C:C, C5, '1.12'!G:G), 0)+IFERROR(SUMIF('1.13'!C:C, C5, '1.13'!G:G), 0)+IFERROR(SUMIF('1.14'!C:C, C5, '1.14'!G:G), 0)+IFERROR(SUMIF('1.15'!C:C, C5, '1.15'!G:G), 0)+IFERROR(SUMIF('1.16'!C:C, C5, '1.16'!G:G), 0)+IFERROR(SUMIF('1.17'!C:C, C5, '1.17'!G:G), 0)+IFERROR(SUMIF('1.18'!C:C, C5, '1.18'!G:G), 0)+IFERROR(SUMIF('1.19'!C:C, C5, '1.19'!G:G), 0)+IFERROR(SUMIF('1.20'!C:C, C5, '1.20'!G:G), 0)+IFERROR(SUMIF('1.21'!C:C, C5, '1.21'!G:G), 0)+IFERROR(SUMIF('1.22'!C:C, C5, '1.22'!G:G), 0)+IFERROR(SUMIF('1.23'!C:C, C5, '1.23'!G:G), 0)+IFERROR(SUMIF('1.24'!C:C, C5, '1.24'!G:G), 0)+IFERROR(SUMIF('1.25'!C:C, C5, '1.25'!G:G), 0)+IFERROR(SUMIF('1.26'!C:C, C5, '1.26'!G:G), 0)+IFERROR(SUMIF('1.27'!C:C, C5, '1.27'!G:G), 0)+IFERROR(SUMIF('1.28'!C:C, C5, '1.28'!G:G), 0)+IFERROR(SUMIF('1.29'!C:C, C5, '1.29'!G:G), 0)+IFERROR(SUMIF('1.30'!C:C, C5, '1.30'!G:G), 0)+IFERROR(SUMIF('1.31'!C:C, C5, '1.31'!G:G), 0)+IFERROR(SUMIF('2.1'!C:C, C5, '2.1'!G:G), 0)+IFERROR(SUMIF('2.2'!C:C, C5, '2.2'!G:G), 0)+IFERROR(SUMIF('2.3'!C:C, C5, '2.3'!G:G), 0)+IFERROR(SUMIF('2.4'!C:C, C5, '2.4'!G:G), 0)+IFERROR(SUMIF('2.5'!C:C, C5, '2.5'!G:G), 0)+IFERROR(SUMIF('2.6'!C:C, C5, '2.6'!G:G), 0)+IFERROR(SUMIF('2.7'!C:C, C5, '2.7'!G:G), 0)+IFERROR(SUMIF('2.8'!C:C, C5, '2.8'!G:G), 0)+IFERROR(SUMIF('2.9'!C:C, C5, '2.9'!G:G), 0)+IFERROR(SUMIF('2.10'!C:C, C5, '2.10'!G:G), 0)+IFERROR(SUMIF('2.11'!C:C, C5, '2.11'!G:G), 0)+IFERROR(SUMIF('2.12'!C:C, C5, '2.12'!G:G), 0)+IFERROR(SUMIF('2.13'!C:C, C5, '2.13'!G:G), 0)+IFERROR(SUMIF('2.14'!C:C, C5, '2.14'!G:G), 0)+IFERROR(SUMIF('2.15'!C:C, C5, '2.15'!G:G), 0)+IFERROR(SUMIF('2.16'!C:C, C5, '2.16'!G:G), 0)+IFERROR(SUMIF('2.17'!C:C, C5, '2.17'!G:G), 0)+IFERROR(SUMIF('2.18'!C:C, C5, '2.18'!G:G), 0)+IFERROR(SUMIF('2.19'!C:C, C5, '2.19'!G:G), 0)+IFERROR(SUMIF('2.20'!C:C, C5, '2.20'!G:G), 0)+IFERROR(SUMIF('2.21'!C:C, C5, '2.21'!G:G), 0)+IFERROR(SUMIF('2.22'!C:C, C5, '2.22'!G:G), 0)+IFERROR(SUMIF('2.23'!C:C, C5, '2.23'!G:G), 0)+IFERROR(SUMIF('2.24'!C:C, C5, '2.24'!G:G), 0)+IFERROR(SUMIF('2.25'!C:C, C5, '2.25'!G:G), 0)+IFERROR(SUMIF('2.26'!C:C, C5, '2.26'!G:G), 0)+IFERROR(SUMIF('2.27'!C:C, C5, '2.27'!G:G), 0)+IFERROR(SUMIF('2.28'!C:C, C5, '2.28'!G:G), 0)+IFERROR(SUMIF('3.1'!C:C, C5, '3.1'!G:G), 0)+IFERROR(SUMIF('3.2'!C:C, C5, '3.2'!G:G), 0)+IFERROR(SUMIF('3.3'!C:C, C5, '3.3'!G:G), 0)+IFERROR(SUMIF('3.4'!C:C, C5, '3.4'!G:G), 0)+IFERROR(SUMIF('3.5'!C:C, C5, '3.5'!G:G), 0)+IFERROR(SUMIF('3.6'!C:C, C5, '3.6'!G:G), 0)+IFERROR(SUMIF('3.7'!C:C, C5, '3.7'!G:G), 0)+IFERROR(SUMIF('3.8'!C:C, C5, '3.8'!G:G), 0)+IFERROR(SUMIF('3.9'!C:C, C5, '3.9'!G:G), 0)+IFERROR(SUMIF('3.10'!C:C, C5, '3.10'!G:G), 0)+IFERROR(SUMIF('3.11'!C:C, C5, '3.11'!G:G), 0)+IFERROR(SUMIF('3.12'!C:C, C5, '3.12'!G:G), 0)+IFERROR(SUMIF('3.13'!C:C, C5, '3.13'!G:G), 0)+IFERROR(SUMIF('3.14'!C:C, C5, '3.14'!G:G), 0)+IFERROR(SUMIF('3.15'!C:C, C5, '3.15'!G:G), 0)+IFERROR(SUMIF('3.16'!C:C, C5, '3.16'!G:G), 0)+IFERROR(SUMIF('3.17'!C:C, C5, '3.17'!G:G), 0)+IFERROR(SUMIF('3.18'!C:C, C5, '3.18'!G:G), 0)+IFERROR(SUMIF('3.19'!C:C, C5, '3.19'!G:G), 0)+IFERROR(SUMIF('3.20'!C:C, C5, '3.20'!G:G), 0)+IFERROR(SUMIF('3.21'!C:C, C5, '3.21'!G:G), 0)+IFERROR(SUMIF('3.22'!C:C, C5, '3.22'!G:G), 0)+IFERROR(SUMIF('3.23'!C:C, C5, '3.23'!G:G), 0)+IFERROR(SUMIF('3.24'!C:C, C5, '3.24'!G:G), 0)+IFERROR(SUMIF('3.25'!C:C, C5, '3.25'!G:G), 0)+IFERROR(SUMIF('3.26'!C:C, C5, '3.26'!G:G), 0)+IFERROR(SUMIF('3.27'!C:C, C5, '3.27'!G:G), 0)+IFERROR(SUMIF('3.28'!C:C, C5, '3.28'!G:G), 0)+IFERROR(SUMIF('3.29'!C:C, C5, '3.29'!G:G), 0)+IFERROR(SUMIF('3.30'!C:C, C5, '3.30'!G:G), 0)+IFERROR(SUMIF('3.31'!C:C, C5, '3.31'!G:G), 0)+IFERROR(SUMIF('4.1'!C:C, C5, '4.1'!G:G), 0)+IFERROR(SUMIF('4.2'!C:C, C5, '4.2'!G:G), 0)+IFERROR(SUMIF('4.3'!C:C, C5, '4.3'!G:G), 0)+IFERROR(SUMIF('4.4'!C:C, C5, '4.4'!G:G), 0)+IFERROR(SUMIF('4.5'!C:C, C5, '4.5'!G:G), 0)+IFERROR(SUMIF('4.6'!C:C, C5, '4.6'!G:G), 0)+IFERROR(SUMIF('4.7'!C:C, C5, '4.7'!G:G), 0)+IFERROR(SUMIF('4.8'!C:C, C5, '4.8'!G:G), 0)+IFERROR(SUMIF('4.9'!C:C, C5, '4.9'!G:G), 0)+IFERROR(SUMIF('4.10'!C:C, C5, '4.10'!G:G), 0)+IFERROR(SUMIF('4.11'!C:C, C5, '4.11'!G:G), 0)+IFERROR(SUMIF('4.12'!C:C, C5, '4.12'!G:G), 0)+IFERROR(SUMIF('4.13'!C:C, C5, '4.13'!G:G), 0)+IFERROR(SUMIF('4.14'!C:C, C5, '4.14'!G:G), 0)+IFERROR(SUMIF('4.15'!C:C, C5, '4.15'!G:G), 0)+IFERROR(SUMIF('4.16'!C:C, C5, '4.16'!G:G), 0)+IFERROR(SUMIF('4.17'!C:C, C5, '4.17'!G:G), 0)+IFERROR(SUMIF('4.18'!C:C, C5, '4.18'!G:G), 0)+IFERROR(SUMIF('4.19'!C:C, C5, '4.19'!G:G), 0)+IFERROR(SUMIF('4.20'!C:C, C5, '4.20'!G:G), 0)+IFERROR(SUMIF('4.21'!C:C, C5, '4.21'!G:G), 0)+IFERROR(SUMIF('4.22'!C:C, C5, '4.22'!G:G), 0)+IFERROR(SUMIF('4.23'!C:C, C5, '4.23'!G:G), 0)+IFERROR(SUMIF('4.24'!C:C, C5, '4.24'!G:G), 0)+IFERROR(SUMIF('4.25'!C:C, C5, '4.25'!G:G), 0)+IFERROR(SUMIF('4.26'!C:C, C5, '4.26'!G:G), 0)+IFERROR(SUMIF('4.27'!C:C, C5, '4.27'!G:G), 0)+IFERROR(SUMIF('4.28'!C:C, C5, '4.28'!G:G), 0)+IFERROR(SUMIF('4.29'!C:C, C5, '4.29'!G:G), 0)+IFERROR(SUMIF('4.30'!C:C, C5, '4.30'!G:G), 0)+IFERROR(SUMIF('5.1'!C:C, C5, '5.1'!G:G), 0)+IFERROR(SUMIF('5.2'!C:C, C5, '5.2'!G:G), 0)+IFERROR(SUMIF('5.3'!C:C, C5, '5.3'!G:G), 0)+IFERROR(SUMIF('5.4'!C:C, C5, '5.4'!G:G), 0)+IFERROR(SUMIF('5.5'!C:C, C5, '5.5'!G:G), 0)+IFERROR(SUMIF('5.6'!C:C, C5, '5.6'!G:G), 0)+IFERROR(SUMIF('5.7'!C:C, C5, '5.7'!G:G), 0)+IFERROR(SUMIF('5.8'!C:C, C5, '5.8'!G:G), 0)+IFERROR(SUMIF('5.9'!C:C, C5, '5.9'!G:G), 0)+IFERROR(SUMIF('5.10'!C:C, C5, '5.10'!G:G), 0)+IFERROR(SUMIF('5.11'!C:C, C5, '5.11'!G:G), 0)+IFERROR(SUMIF('5.12'!C:C, C5, '5.12'!G:G), 0)+IFERROR(SUMIF('5.13'!C:C, C5, '5.13'!G:G), 0)+IFERROR(SUMIF('5.14'!C:C, C5, '5.14'!G:G), 0)+IFERROR(SUMIF('5.15'!C:C, C5, '5.15'!G:G), 0)+IFERROR(SUMIF('5.16'!C:C, C5, '5.16'!G:G), 0)+IFERROR(SUMIF('5.17'!C:C, C5, '5.17'!G:G), 0)+IFERROR(SUMIF('5.18'!C:C, C5, '5.18'!G:G), 0)+IFERROR(SUMIF('5.19'!C:C, C5, '5.19'!G:G), 0)+IFERROR(SUMIF('5.20'!C:C, C5, '5.20'!G:G), 0)+IFERROR(SUMIF('5.21'!C:C, C5, '5.21'!G:G), 0)+IFERROR(SUMIF('5.22'!C:C, C5, '5.22'!G:G), 0)+IFERROR(SUMIF('5.23'!C:C, C5, '5.23'!G:G), 0)+IFERROR(SUMIF('5.24'!C:C, C5, '5.24'!G:G), 0)+IFERROR(SUMIF('5.25'!C:C, C5, '5.25'!G:G), 0)+IFERROR(SUMIF('5.26'!C:C, C5, '5.26'!G:G), 0)+IFERROR(SUMIF('5.27'!C:C, C5, '5.27'!G:G), 0)+IFERROR(SUMIF('5.28'!C:C, C5, '5.28'!G:G), 0)+IFERROR(SUMIF('5.29'!C:C, C5, '5.29'!G:G), 0)+IFERROR(SUMIF('5.30'!C:C, C5, '5.30'!G:G), 0)+IFERROR(SUMIF('5.31'!C:C, C5, '5.31'!G:G), 0)+IFERROR(SUMIF('6.1'!C:C, C5, '6.1'!G:G), 0)+IFERROR(SUMIF('6.2'!C:C, C5, '6.2'!G:G), 0)+IFERROR(SUMIF('6.3'!C:C, C5, '6.3'!G:G), 0)+IFERROR(SUMIF('6.4'!C:C, C5, '6.4'!G:G), 0)+IFERROR(SUMIF('6.5'!C:C, C5, '6.5'!G:G), 0)+IFERROR(SUMIF('6.6'!C:C, C5, '6.6'!G:G), 0)+IFERROR(SUMIF('6.7'!C:C, C5, '6.7'!G:G), 0)+IFERROR(SUMIF('6.8'!C:C, C5, '6.8'!G:G), 0)+IFERROR(SUMIF('6.9'!C:C, C5, '6.9'!G:G), 0)+IFERROR(SUMIF('6.10'!C:C, C5, '6.10'!G:G), 0)+IFERROR(SUMIF('6.11'!C:C, C5, '6.11'!G:G), 0)+IFERROR(SUMIF('6.12'!C:C, C5, '6.12'!G:G), 0)+IFERROR(SUMIF('6.13'!C:C, C5, '6.13'!G:G), 0)+IFERROR(SUMIF('6.14'!C:C, C5, '6.14'!G:G), 0)+IFERROR(SUMIF('6.15'!C:C, C5, '6.15'!G:G), 0)+IFERROR(SUMIF('6.16'!C:C, C5, '6.16'!G:G), 0)+IFERROR(SUMIF('6.17'!C:C, C5, '6.17'!G:G), 0)+IFERROR(SUMIF('6.18'!C:C, C5, '6.18'!G:G), 0)+IFERROR(SUMIF('6.19'!C:C, C5, '6.19'!G:G), 0)+IFERROR(SUMIF('6.20'!C:C, C5, '6.20'!G:G), 0)+IFERROR(SUMIF('6.21'!C:C, C5, '6.21'!G:G), 0)+IFERROR(SUMIF('6.22'!C:C, C5, '6.22'!G:G), 0)+IFERROR(SUMIF('6.23'!C:C, C5, '6.23'!G:G), 0)+IFERROR(SUMIF('6.24'!C:C, C5, '6.24'!G:G), 0)+IFERROR(SUMIF('6.25'!C:C, C5, '6.25'!G:G), 0)+IFERROR(SUMIF('6.26'!C:C, C5, '6.26'!G:G), 0)+IFERROR(SUMIF('6.27'!C:C, C5, '6.27'!G:G), 0)+IFERROR(SUMIF('6.28'!C:C, C5, '6.28'!G:G), 0)+IFERROR(SUMIF('6.29'!C:C, C5, '6.29'!G:G), 0)+IFERROR(SUMIF('6.30'!C:C, C5, '6.30'!G:G), 0)+IFERROR(SUMIF('7.1'!C:C, C5, '7.1'!G:G), 0)+IFERROR(SUMIF('7.2'!C:C, C5, '7.2'!G:G), 0)+IFERROR(SUMIF('7.3'!C:C, C5, '7.3'!G:G), 0)+IFERROR(SUMIF('7.4'!C:C, C5, '7.4'!G:G), 0)+IFERROR(SUMIF('7.5'!C:C, C5, '7.5'!G:G), 0)+IFERROR(SUMIF('7.6'!C:C, C5, '7.6'!G:G), 0)+IFERROR(SUMIF('7.7'!C:C, C5, '7.7'!G:G), 0)+IFERROR(SUMIF('7.8'!C:C, C5, '7.8'!G:G), 0)+IFERROR(SUMIF('7.9'!C:C, C5, '7.9'!G:G), 0)+IFERROR(SUMIF('7.10'!C:C, C5, '7.10'!G:G), 0)+IFERROR(SUMIF('7.11'!C:C, C5, '7.11'!G:G), 0)+IFERROR(SUMIF('7.12'!C:C, C5, '7.12'!G:G), 0)+IFERROR(SUMIF('7.13'!C:C, C5, '7.13'!G:G), 0)+IFERROR(SUMIF('7.14'!C:C, C5, '7.14'!G:G), 0)+IFERROR(SUMIF('7.15'!C:C, C5, '7.15'!G:G), 0)+IFERROR(SUMIF('7.16'!C:C, C5, '7.16'!G:G), 0)+IFERROR(SUMIF('7.17'!C:C, C5, '7.17'!G:G), 0)+IFERROR(SUMIF('7.18'!C:C, C5, '7.18'!G:G), 0)+IFERROR(SUMIF('7.19'!C:C, C5, '7.19'!G:G), 0)+IFERROR(SUMIF('7.20'!C:C, C5, '7.20'!G:G), 0)+IFERROR(SUMIF('7.21'!C:C, C5, '7.21'!G:G), 0)+IFERROR(SUMIF('7.22'!C:C, C5, '7.22'!G:G), 0)+IFERROR(SUMIF('7.23'!C:C, C5, '7.23'!G:G), 0)+IFERROR(SUMIF('7.24'!C:C, C5, '7.24'!G:G), 0)+IFERROR(SUMIF('7.25'!C:C, C5, '7.25'!G:G), 0)+IFERROR(SUMIF('7.26'!C:C, C5, '7.26'!G:G), 0)+IFERROR(SUMIF('7.27'!C:C, C5, '7.27'!G:G), 0)+IFERROR(SUMIF('7.28'!C:C, C5, '7.28'!G:G), 0)+IFERROR(SUMIF('7.29'!C:C, C5, '7.29'!G:G), 0)+IFERROR(SUMIF('7.30'!C:C, C5, '7.30'!G:G), 0)+IFERROR(SUMIF('7.31'!C:C, C5, '7.31'!G:G), 0)+IFERROR(SUMIF('8.1'!C:C, C5, '8.1'!G:G), 0)+IFERROR(SUMIF('8.2'!C:C, C5, '8.2'!G:G), 0)+IFERROR(SUMIF('8.3'!C:C, C5, '8.3'!G:G), 0)+IFERROR(SUMIF('8.4'!C:C, C5, '8.4'!G:G), 0)+IFERROR(SUMIF('8.5'!C:C, C5, '8.5'!G:G), 0)+IFERROR(SUMIF('8.6'!C:C, C5, '8.6'!G:G), 0)+IFERROR(SUMIF('8.7'!C:C, C5, '8.7'!G:G), 0)+IFERROR(SUMIF('8.8'!C:C, C5, '8.8'!G:G), 0)+IFERROR(SUMIF('8.9'!C:C, C5, '8.9'!G:G), 0)+IFERROR(SUMIF('8.10'!C:C, C5, '8.10'!G:G), 0)+IFERROR(SUMIF('8.11'!C:C, C5, '8.11'!G:G), 0)+IFERROR(SUMIF('8.12'!C:C, C5, '8.12'!G:G), 0)+IFERROR(SUMIF('8.13'!C:C, C5, '8.13'!G:G), 0)+IFERROR(SUMIF('8.14'!C:C, C5, '8.14'!G:G), 0)+IFERROR(SUMIF('8.15'!C:C, C5, '8.15'!G:G), 0)+IFERROR(SUMIF('8.16'!C:C, C5, '8.16'!G:G), 0)+IFERROR(SUMIF('8.17'!C:C, C5, '8.17'!G:G), 0)+IFERROR(SUMIF('8.18'!C:C, C5, '8.18'!G:G), 0)+IFERROR(SUMIF('8.19'!C:C, C5, '8.19'!G:G), 0)+IFERROR(SUMIF('8.20'!C:C, C5, '8.20'!G:G), 0)+IFERROR(SUMIF('8.21'!C:C, C5, '8.21'!G:G), 0)+IFERROR(SUMIF('8.22'!C:C, C5, '8.22'!G:G), 0)+IFERROR(SUMIF('8.23'!C:C, C5, '8.23'!G:G), 0)+IFERROR(SUMIF('8.24'!C:C, C5, '8.24'!G:G), 0)+IFERROR(SUMIF('8.25'!C:C, C5, '8.25'!G:G), 0)+IFERROR(SUMIF('8.26'!C:C, C5, '8.26'!G:G), 0)+IFERROR(SUMIF('8.27'!C:C, C5, '8.27'!G:G), 0)+IFERROR(SUMIF('8.28'!C:C, C5, '8.28'!G:G), 0)+IFERROR(SUMIF('8.29'!C:C, C5, '8.29'!G:G), 0)+IFERROR(SUMIF('8.30'!C:C, C5, '8.30'!G:G), 0)+IFERROR(SUMIF('8.31'!C:C, C5, '8.31'!G:G), 0)+IFERROR(SUMIF('9.1'!C:C, C5, '9.1'!G:G), 0)+IFERROR(SUMIF('9.2'!C:C, C5, '9.2'!G:G), 0)+IFERROR(SUMIF('9.3'!C:C, C5, '9.3'!G:G), 0)+IFERROR(SUMIF('9.4'!C:C, C5, '9.4'!G:G), 0)+IFERROR(SUMIF('9.5'!C:C, C5, '9.5'!G:G), 0)+IFERROR(SUMIF('9.6'!C:C, C5, '9.6'!G:G), 0)+IFERROR(SUMIF('9.7'!C:C, C5, '9.7'!G:G), 0)+IFERROR(SUMIF('9.8'!C:C, C5, '9.8'!G:G), 0)+IFERROR(SUMIF('9.9'!C:C, C5, '9.9'!G:G), 0)+IFERROR(SUMIF('9.10'!C:C, C5, '9.10'!G:G), 0)+IFERROR(SUMIF('9.11'!C:C, C5, '9.11'!G:G), 0)+IFERROR(SUMIF('9.12'!C:C, C5, '9.12'!G:G), 0)+IFERROR(SUMIF('9.13'!C:C, C5, '9.13'!G:G), 0)+IFERROR(SUMIF('9.14'!C:C, C5, '9.14'!G:G), 0)+IFERROR(SUMIF('9.15'!C:C, C5, '9.15'!G:G), 0)+IFERROR(SUMIF('9.16'!C:C, C5, '9.16'!G:G), 0)+IFERROR(SUMIF('9.17'!C:C, C5, '9.17'!G:G), 0)+IFERROR(SUMIF('9.18'!C:C, C5, '9.18'!G:G), 0)+IFERROR(SUMIF('9.19'!C:C, C5, '9.19'!G:G), 0)+IFERROR(SUMIF('9.20'!C:C, C5, '9.20'!G:G), 0)+IFERROR(SUMIF('9.21'!C:C, C5, '9.21'!G:G), 0)+IFERROR(SUMIF('9.22'!C:C, C5, '9.22'!G:G), 0)+IFERROR(SUMIF('9.23'!C:C, C5, '9.23'!G:G), 0)+IFERROR(SUMIF('9.24'!C:C, C5, '9.24'!G:G), 0)+IFERROR(SUMIF('9.25'!C:C, C5, '9.25'!G:G), 0)+IFERROR(SUMIF('9.26'!C:C, C5, '9.26'!G:G), 0)+IFERROR(SUMIF('9.27'!C:C, C5, '9.27'!G:G), 0)+IFERROR(SUMIF('9.28'!C:C, C5, '9.28'!G:G), 0)+IFERROR(SUMIF('9.29'!C:C, C5, '9.29'!G:G), 0)+IFERROR(SUMIF('9.30'!C:C, C5, '9.30'!G:G), 0)+IFERROR(SUMIF('10.1'!C:C, C5, '10.1'!G:G), 0)+IFERROR(SUMIF('10.2'!C:C, C5, '10.2'!G:G), 0)+IFERROR(SUMIF('10.3'!C:C, C5, '10.3'!G:G), 0)+IFERROR(SUMIF('10.4'!C:C, C5, '10.4'!G:G), 0)+IFERROR(SUMIF('10.5'!C:C, C5, '10.5'!G:G), 0)+IFERROR(SUMIF('10.6'!C:C, C5, '10.6'!G:G), 0)+IFERROR(SUMIF('10.7'!C:C, C5, '10.7'!G:G), 0)+IFERROR(SUMIF('10.8'!C:C, C5, '10.8'!G:G), 0)+IFERROR(SUMIF('10.9'!C:C, C5, '10.9'!G:G), 0)+IFERROR(SUMIF('10.10'!C:C, C5, '10.10'!G:G), 0)+IFERROR(SUMIF('10.11'!C:C, C5, '10.11'!G:G), 0)+IFERROR(SUMIF('10.12'!C:C, C5, '10.12'!G:G), 0)+IFERROR(SUMIF('10.13'!C:C, C5, '10.13'!G:G), 0)+IFERROR(SUMIF('10.14'!C:C, C5, '10.14'!G:G), 0)+IFERROR(SUMIF('10.15'!C:C, C5, '10.15'!G:G), 0)+IFERROR(SUMIF('10.16'!C:C, C5, '10.16'!G:G), 0)+IFERROR(SUMIF('10.17'!C:C, C5, '10.17'!G:G), 0)+IFERROR(SUMIF('10.18'!C:C, C5, '10.18'!G:G), 0)+IFERROR(SUMIF('10.19'!C:C, C5, '10.19'!G:G), 0)+IFERROR(SUMIF('10.20'!C:C, C5, '10.20'!G:G), 0)+IFERROR(SUMIF('10.21'!C:C, C5, '10.21'!G:G), 0)+IFERROR(SUMIF('10.22'!C:C, C5, '10.22'!G:G), 0)+IFERROR(SUMIF('10.23'!C:C, C5, '10.23'!G:G), 0)+IFERROR(SUMIF('10.24'!C:C, C5, '10.24'!G:G), 0)+IFERROR(SUMIF('10.25'!C:C, C5, '10.25'!G:G), 0)+IFERROR(SUMIF('10.26'!C:C, C5, '10.26'!G:G), 0)+IFERROR(SUMIF('10.27'!C:C, C5, '10.27'!G:G), 0)+IFERROR(SUMIF('10.28'!C:C, C5, '10.28'!G:G), 0)+IFERROR(SUMIF('10.29'!C:C, C5, '10.29'!G:G), 0)+IFERROR(SUMIF('10.30'!C:C, C5, '10.30'!G:G), 0)+IFERROR(SUMIF('10.31'!C:C, C5, '10.31'!G:G), 0)+IFERROR(SUMIF('11.1'!C:C, C5, '11.1'!G:G), 0)+IFERROR(SUMIF('11.2'!C:C, C5, '11.2'!G:G), 0)+IFERROR(SUMIF('11.3'!C:C, C5, '11.3'!G:G), 0)+IFERROR(SUMIF('11.4'!C:C, C5, '11.4'!G:G), 0)+IFERROR(SUMIF('11.5'!C:C, C5, '11.5'!G:G), 0)+IFERROR(SUMIF('11.6'!C:C, C5, '11.6'!G:G), 0)+IFERROR(SUMIF('11.7'!C:C, C5, '11.7'!G:G), 0)+IFERROR(SUMIF('11.8'!C:C, C5, '11.8'!G:G), 0)+IFERROR(SUMIF('11.9'!C:C, C5, '11.9'!G:G), 0)+IFERROR(SUMIF('11.10'!C:C, C5, '11.10'!G:G), 0)+IFERROR(SUMIF('11.11'!C:C, C5, '11.11'!G:G), 0)+IFERROR(SUMIF('11.12'!C:C, C5, '11.12'!G:G), 0)+IFERROR(SUMIF('11.13'!C:C, C5, '11.13'!G:G), 0)+IFERROR(SUMIF('11.14'!C:C, C5, '11.14'!G:G), 0)+IFERROR(SUMIF('11.15'!C:C, C5, '11.15'!G:G), 0)+IFERROR(SUMIF('11.16'!C:C, C5, '11.16'!G:G), 0)+IFERROR(SUMIF('11.17'!C:C, C5, '11.17'!G:G), 0)+IFERROR(SUMIF('11.18'!C:C, C5, '11.18'!G:G), 0)+IFERROR(SUMIF('11.19'!C:C, C5, '11.19'!G:G), 0)+IFERROR(SUMIF('11.20'!C:C, C5, '11.20'!G:G), 0)+IFERROR(SUMIF('11.21'!C:C, C5, '11.21'!G:G), 0)+IFERROR(SUMIF('11.22'!C:C, C5, '11.22'!G:G), 0)+IFERROR(SUMIF('11.23'!C:C, C5, '11.23'!G:G), 0)+IFERROR(SUMIF('11.24'!C:C, C5, '11.24'!G:G), 0)+IFERROR(SUMIF('11.25'!C:C, C5, '11.25'!G:G), 0)+IFERROR(SUMIF('11.26'!C:C, C5, '11.26'!G:G), 0)+IFERROR(SUMIF('11.27'!C:C, C5, '11.27'!G:G), 0)+IFERROR(SUMIF('11.28'!C:C, C5, '11.28'!G:G), 0)+IFERROR(SUMIF('11.29'!C:C, C5, '11.29'!G:G), 0)+IFERROR(SUMIF('11.30'!C:C, C5, '11.30'!G:G), 0)+IFERROR(SUMIF('12.1'!C:C, C5, '12.1'!G:G), 0)+IFERROR(SUMIF('12.2'!C:C, C5, '12.2'!G:G), 0)+IFERROR(SUMIF('12.3'!C:C, C5, '12.3'!G:G), 0)+IFERROR(SUMIF('12.4'!C:C, C5, '12.4'!G:G), 0)+IFERROR(SUMIF('12.5'!C:C, C5, '12.5'!G:G), 0)+IFERROR(SUMIF('12.6'!C:C, C5, '12.6'!G:G), 0)+IFERROR(SUMIF('12.7'!C:C, C5, '12.7'!G:G), 0)+IFERROR(SUMIF('12.8'!C:C, C5, '12.8'!G:G), 0)+IFERROR(SUMIF('12.9'!C:C, C5, '12.9'!G:G), 0)+IFERROR(SUMIF('12.10'!C:C, C5, '12.10'!G:G), 0)+IFERROR(SUMIF('12.11'!C:C, C5, '12.11'!G:G), 0)+IFERROR(SUMIF('12.12'!C:C, C5, '12.12'!G:G), 0)+IFERROR(SUMIF('12.13'!C:C, C5, '12.13'!G:G), 0)+IFERROR(SUMIF('12.14'!C:C, C5, '12.14'!G:G), 0)+IFERROR(SUMIF('12.15'!C:C, C5, '12.15'!G:G), 0)+IFERROR(SUMIF('12.16'!C:C, C5, '12.16'!G:G), 0)+IFERROR(SUMIF('12.17'!C:C, C5, '12.17'!G:G), 0)+IFERROR(SUMIF('12.18'!C:C, C5, '12.18'!G:G), 0)+IFERROR(SUMIF('12.19'!C:C, C5, '12.19'!G:G), 0)+IFERROR(SUMIF('12.20'!C:C, C5, '12.20'!G:G), 0)+IFERROR(SUMIF('12.21'!C:C, C5, '12.21'!G:G), 0)+IFERROR(SUMIF('12.22'!C:C, C5, '12.22'!G:G), 0)+IFERROR(SUMIF('12.23'!C:C, C5, '12.23'!G:G), 0)+IFERROR(SUMIF('12.24'!C:C, C5, '12.24'!G:G), 0)+IFERROR(SUMIF('12.25'!C:C, C5, '12.25'!G:G), 0)+IFERROR(SUMIF('12.26'!C:C, C5, '12.26'!G:G), 0)+IFERROR(SUMIF('12.27'!C:C, C5, '12.27'!G:G), 0)+IFERROR(SUMIF('12.28'!C:C, C5, '12.28'!G:G), 0)+IFERROR(SUMIF('12.29'!C:C, C5, '12.29'!G:G), 0)+IFERROR(SUMIF('12.30'!C:C, C5, '12.30'!G:G), 0)+IFERROR(SUMIF('12.31'!C:C, C5, '12.31'!G:G), 0) -> 0
A6: 3 | B6: Kangkung | C6: 空心菜 | D6: Frt & Veg/蔬果 | E6: bag / 袋 | F6: =IFERROR(SUMIF('1.1'!C:C, C6, '1.1'!E:E), 0)+IFERROR(SUMIF('1.2'!C:C, C6, '1.2'!E:E), 0)+IFERROR(SUMIF('1.3'!C:C, C6, '1.3'!E:E), 0)+IFERROR(SUMIF('1.4'!C:C, C6, '1.4'!E:E), 0)+IFERROR(SUMIF('1.5'!C:C, C6, '1.5'!E:E), 0)+IFERROR(SUMIF('1.6'!C:C, C6, '1.6'!E:E), 0)+IFERROR(SUMIF('1.7'!C:C, C6, '1.7'!E:E), 0)+IFERROR(SUMIF('1.8'!C:C, C6, '1.8'!E:E), 0)+IFERROR(SUMIF('1.9'!C:C, C6, '1.9'!E:E), 0)+IFERROR(SUMIF('1.10'!C:C, C6, '1.10'!E:E), 0)+IFERROR(SUMIF('1.11'!C:C, C6, '1.11'!E:E), 0)+IFERROR(SUMIF('1.12'!C:C, C6, '1.12'!E:E), 0)+IFERROR(SUMIF('1.13'!C:C, C6, '1.13'!E:E), 0)+IFERROR(SUMIF('1.14'!C:C, C6, '1.14'!E:E), 0)+IFERROR(SUMIF('1.15'!C:C, C6, '1.15'!E:E), 0)+IFERROR(SUMIF('1.16'!C:C, C6, '1.16'!E:E), 0)+IFERROR(SUMIF('1.17'!C:C, C6, '1.17'!E:E), 0)+IFERROR(SUMIF('1.18'!C:C, C6, '1.18'!E:E), 0)+IFERROR(SUMIF('1.19'!C:C, C6, '1.19'!E:E), 0)+IFERROR(SUMIF('1.20'!C:C, C6, '1.20'!E:E), 0)+IFERROR(SUMIF('1.21'!C:C, C6, '1.21'!E:E), 0)+IFERROR(SUMIF('1.22'!C:C, C6, '1.22'!E:E), 0)+IFERROR(SUMIF('1.23'!C:C, C6, '1.23'!E:E), 0)+IFERROR(SUMIF('1.24'!C:C, C6, '1.24'!E:E), 0)+IFERROR(SUMIF('1.25'!C:C, C6, '1.25'!E:E), 0)+IFERROR(SUMIF('1.26'!C:C, C6, '1.26'!E:E), 0)+IFERROR(SUMIF('1.27'!C:C, C6, '1.27'!E:E), 0)+IFERROR(SUMIF('1.28'!C:C, C6, '1.28'!E:E), 0)+IFERROR(SUMIF('1.29'!C:C, C6, '1.29'!E:E), 0)+IFERROR(SUMIF('1.30'!C:C, C6, '1.30'!E:E), 0)+IFERROR(SUMIF('1.31'!C:C, C6, '1.31'!E:E), 0)+IFERROR(SUMIF('2.1'!C:C, C6, '2.1'!E:E), 0)+IFERROR(SUMIF('2.2'!C:C, C6, '2.2'!E:E), 0)+IFERROR(SUMIF('2.3'!C:C, C6, '2.3'!E:E), 0)+IFERROR(SUMIF('2.4'!C:C, C6, '2.4'!E:E), 0)+IFERROR(SUMIF('2.5'!C:C, C6, '2.5'!E:E), 0)+IFERROR(SUMIF('2.6'!C:C, C6, '2.6'!E:E), 0)+IFERROR(SUMIF('2.7'!C:C, C6, '2.7'!E:E), 0)+IFERROR(SUMIF('2.8'!C:C, C6, '2.8'!E:E), 0)+IFERROR(SUMIF('2.9'!C:C, C6, '2.9'!E:E), 0)+IFERROR(SUMIF('2.10'!C:C, C6, '2.10'!E:E), 0)+IFERROR(SUMIF('2.11'!C:C, C6, '2.11'!E:E), 0)+IFERROR(SUMIF('2.12'!C:C, C6, '2.12'!E:E), 0)+IFERROR(SUMIF('2.13'!C:C, C6, '2.13'!E:E), 0)+IFERROR(SUMIF('2.14'!C:C, C6, '2.14'!E:E), 0)+IFERROR(SUMIF('2.15'!C:C, C6, '2.15'!E:E), 0)+IFERROR(SUMIF('2.16'!C:C, C6, '2.16'!E:E), 0)+IFERROR(SUMIF('2.17'!C:C, C6, '2.17'!E:E), 0)+IFERROR(SUMIF('2.18'!C:C, C6, '2.18'!E:E), 0)+IFERROR(SUMIF('2.19'!C:C, C6, '2.19'!E:E), 0)+IFERROR(SUMIF('2.20'!C:C, C6, '2.20'!E:E), 0)+IFERROR(SUMIF('2.21'!C:C, C6, '2.21'!E:E), 0)+IFERROR(SUMIF('2.22'!C:C, C6, '2.22'!E:E), 0)+IFERROR(SUMIF('2.23'!C:C, C6, '2.23'!E:E), 0)+IFERROR(SUMIF('2.24'!C:C, C6, '2.24'!E:E), 0)+IFERROR(SUMIF('2.25'!C:C, C6, '2.25'!E:E), 0)+IFERROR(SUMIF('2.26'!C:C, C6, '2.26'!E:E), 0)+IFERROR(SUMIF('2.27'!C:C, C6, '2.27'!E:E), 0)+IFERROR(SUMIF('2.28'!C:C, C6, '2.28'!E:E), 0)+IFERROR(SUMIF('3.1'!C:C, C6, '3.1'!E:E), 0)+IFERROR(SUMIF('3.2'!C:C, C6, '3.2'!E:E), 0)+IFERROR(SUMIF('3.3'!C:C, C6, '3.3'!E:E), 0)+IFERROR(SUMIF('3.4'!C:C, C6, '3.4'!E:E), 0)+IFERROR(SUMIF('3.5'!C:C, C6, '3.5'!E:E), 0)+IFERROR(SUMIF('3.6'!C:C, C6, '3.6'!E:E), 0)+IFERROR(SUMIF('3.7'!C:C, C6, '3.7'!E:E), 0)+IFERROR(SUMIF('3.8'!C:C, C6, '3.8'!E:E), 0)+IFERROR(SUMIF('3.9'!C:C, C6, '3.9'!E:E), 0)+IFERROR(SUMIF('3.10'!C:C, C6, '3.10'!E:E), 0)+IFERROR(SUMIF('3.11'!C:C, C6, '3.11'!E:E), 0)+IFERROR(SUMIF('3.12'!C:C, C6, '3.12'!E:E), 0)+IFERROR(SUMIF('3.13'!C:C, C6, '3.13'!E:E), 0)+IFERROR(SUMIF('3.14'!C:C, C6, '3.14'!E:E), 0)+IFERROR(SUMIF('3.15'!C:C, C6, '3.15'!E:E), 0)+IFERROR(SUMIF('3.16'!C:C, C6, '3.16'!E:E), 0)+IFERROR(SUMIF('3.17'!C:C, C6, '3.17'!E:E), 0)+IFERROR(SUMIF('3.18'!C:C, C6, '3.18'!E:E), 0)+IFERROR(SUMIF('3.19'!C:C, C6, '3.19'!E:E), 0)+IFERROR(SUMIF('3.20'!C:C, C6, '3.20'!E:E), 0)+IFERROR(SUMIF('3.21'!C:C, C6, '3.21'!E:E), 0)+IFERROR(SUMIF('3.22'!C:C, C6, '3.22'!E:E), 0)+IFERROR(SUMIF('3.23'!C:C, C6, '3.23'!E:E), 0)+IFERROR(SUMIF('3.24'!C:C, C6, '3.24'!E:E), 0)+IFERROR(SUMIF('3.25'!C:C, C6, '3.25'!E:E), 0)+IFERROR(SUMIF('3.26'!C:C, C6, '3.26'!E:E), 0)+IFERROR(SUMIF('3.27'!C:C, C6, '3.27'!E:E), 0)+IFERROR(SUMIF('3.28'!C:C, C6, '3.28'!E:E), 0)+IFERROR(SUMIF('3.29'!C:C, C6, '3.29'!E:E), 0)+IFERROR(SUMIF('3.30'!C:C, C6, '3.30'!E:E), 0)+IFERROR(SUMIF('3.31'!C:C, C6, '3.31'!E:E), 0)+IFERROR(SUMIF('4.1'!C:C, C6, '4.1'!E:E), 0)+IFERROR(SUMIF('4.2'!C:C, C6, '4.2'!E:E), 0)+IFERROR(SUMIF('4.3'!C:C, C6, '4.3'!E:E), 0)+IFERROR(SUMIF('4.4'!C:C, C6, '4.4'!E:E), 0)+IFERROR(SUMIF('4.5'!C:C, C6, '4.5'!E:E), 0)+IFERROR(SUMIF('4.6'!C:C, C6, '4.6'!E:E), 0)+IFERROR(SUMIF('4.7'!C:C, C6, '4.7'!E:E), 0)+IFERROR(SUMIF('4.8'!C:C, C6, '4.8'!E:E), 0)+IFERROR(SUMIF('4.9'!C:C, C6, '4.9'!E:E), 0)+IFERROR(SUMIF('4.10'!C:C, C6, '4.10'!E:E), 0)+IFERROR(SUMIF('4.11'!C:C, C6, '4.11'!E:E), 0)+IFERROR(SUMIF('4.12'!C:C, C6, '4.12'!E:E), 0)+IFERROR(SUMIF('4.13'!C:C, C6, '4.13'!E:E), 0)+IFERROR(SUMIF('4.14'!C:C, C6, '4.14'!E:E), 0)+IFERROR(SUMIF('4.15'!C:C, C6, '4.15'!E:E), 0)+IFERROR(SUMIF('4.16'!C:C, C6, '4.16'!E:E), 0)+IFERROR(SUMIF('4.17'!C:C, C6, '4.17'!E:E), 0)+IFERROR(SUMIF('4.18'!C:C, C6, '4.18'!E:E), 0)+IFERROR(SUMIF('4.19'!C:C, C6, '4.19'!E:E), 0)+IFERROR(SUMIF('4.20'!C:C, C6, '4.20'!E:E), 0)+IFERROR(SUMIF('4.21'!C:C, C6, '4.21'!E:E), 0)+IFERROR(SUMIF('4.22'!C:C, C6, '4.22'!E:E), 0)+IFERROR(SUMIF('4.23'!C:C, C6, '4.23'!E:E), 0)+IFERROR(SUMIF('4.24'!C:C, C6, '4.24'!E:E), 0)+IFERROR(SUMIF('4.25'!C:C, C6, '4.25'!E:E), 0)+IFERROR(SUMIF('4.26'!C:C, C6, '4.26'!E:E), 0)+IFERROR(SUMIF('4.27'!C:C, C6, '4.27'!E:E), 0)+IFERROR(SUMIF('4.28'!C:C, C6, '4.28'!E:E), 0)+IFERROR(SUMIF('4.29'!C:C, C6, '4.29'!E:E), 0)+IFERROR(SUMIF('4.30'!C:C, C6, '4.30'!E:E), 0)+IFERROR(SUMIF('5.1'!C:C, C6, '5.1'!E:E), 0)+IFERROR(SUMIF('5.2'!C:C, C6, '5.2'!E:E), 0)+IFERROR(SUMIF('5.3'!C:C, C6, '5.3'!E:E), 0)+IFERROR(SUMIF('5.4'!C:C, C6, '5.4'!E:E), 0)+IFERROR(SUMIF('5.5'!C:C, C6, '5.5'!E:E), 0)+IFERROR(SUMIF('5.6'!C:C, C6, '5.6'!E:E), 0)+IFERROR(SUMIF('5.7'!C:C, C6, '5.7'!E:E), 0)+IFERROR(SUMIF('5.8'!C:C, C6, '5.8'!E:E), 0)+IFERROR(SUMIF('5.9'!C:C, C6, '5.9'!E:E), 0)+IFERROR(SUMIF('5.10'!C:C, C6, '5.10'!E:E), 0)+IFERROR(SUMIF('5.11'!C:C, C6, '5.11'!E:E), 0)+IFERROR(SUMIF('5.12'!C:C, C6, '5.12'!E:E), 0)+IFERROR(SUMIF('5.13'!C:C, C6, '5.13'!E:E), 0)+IFERROR(SUMIF('5.14'!C:C, C6, '5.14'!E:E), 0)+IFERROR(SUMIF('5.15'!C:C, C6, '5.15'!E:E), 0)+IFERROR(SUMIF('5.16'!C:C, C6, '5.16'!E:E), 0)+IFERROR(SUMIF('5.17'!C:C, C6, '5.17'!E:E), 0)+IFERROR(SUMIF('5.18'!C:C, C6, '5.18'!E:E), 0)+IFERROR(SUMIF('5.19'!C:C, C6, '5.19'!E:E), 0)+IFERROR(SUMIF('5.20'!C:C, C6, '5.20'!E:E), 0)+IFERROR(SUMIF('5.21'!C:C, C6, '5.21'!E:E), 0)+IFERROR(SUMIF('5.22'!C:C, C6, '5.22'!E:E), 0)+IFERROR(SUMIF('5.23'!C:C, C6, '5.23'!E:E), 0)+IFERROR(SUMIF('5.24'!C:C, C6, '5.24'!E:E), 0)+IFERROR(SUMIF('5.25'!C:C, C6, '5.25'!E:E), 0)+IFERROR(SUMIF('5.26'!C:C, C6, '5.26'!E:E), 0)+IFERROR(SUMIF('5.27'!C:C, C6, '5.27'!E:E), 0)+IFERROR(SUMIF('5.28'!C:C, C6, '5.28'!E:E), 0)+IFERROR(SUMIF('5.29'!C:C, C6, '5.29'!E:E), 0)+IFERROR(SUMIF('5.30'!C:C, C6, '5.30'!E:E), 0)+IFERROR(SUMIF('5.31'!C:C, C6, '5.31'!E:E), 0)+IFERROR(SUMIF('6.1'!C:C, C6, '6.1'!E:E), 0)+IFERROR(SUMIF('6.2'!C:C, C6, '6.2'!E:E), 0)+IFERROR(SUMIF('6.3'!C:C, C6, '6.3'!E:E), 0)+IFERROR(SUMIF('6.4'!C:C, C6, '6.4'!E:E), 0)+IFERROR(SUMIF('6.5'!C:C, C6, '6.5'!E:E), 0)+IFERROR(SUMIF('6.6'!C:C, C6, '6.6'!E:E), 0)+IFERROR(SUMIF('6.7'!C:C, C6, '6.7'!E:E), 0)+IFERROR(SUMIF('6.8'!C:C, C6, '6.8'!E:E), 0)+IFERROR(SUMIF('6.9'!C:C, C6, '6.9'!E:E), 0)+IFERROR(SUMIF('6.10'!C:C, C6, '6.10'!E:E), 0)+IFERROR(SUMIF('6.11'!C:C, C6, '6.11'!E:E), 0)+IFERROR(SUMIF('6.12'!C:C, C6, '6.12'!E:E), 0)+IFERROR(SUMIF('6.13'!C:C, C6, '6.13'!E:E), 0)+IFERROR(SUMIF('6.14'!C:C, C6, '6.14'!E:E), 0)+IFERROR(SUMIF('6.15'!C:C, C6, '6.15'!E:E), 0)+IFERROR(SUMIF('6.16'!C:C, C6, '6.16'!E:E), 0)+IFERROR(SUMIF('6.17'!C:C, C6, '6.17'!E:E), 0)+IFERROR(SUMIF('6.18'!C:C, C6, '6.18'!E:E), 0)+IFERROR(SUMIF('6.19'!C:C, C6, '6.19'!E:E), 0)+IFERROR(SUMIF('6.20'!C:C, C6, '6.20'!E:E), 0)+IFERROR(SUMIF('6.21'!C:C, C6, '6.21'!E:E), 0)+IFERROR(SUMIF('6.22'!C:C, C6, '6.22'!E:E), 0)+IFERROR(SUMIF('6.23'!C:C, C6, '6.23'!E:E), 0)+IFERROR(SUMIF('6.24'!C:C, C6, '6.24'!E:E), 0)+IFERROR(SUMIF('6.25'!C:C, C6, '6.25'!E:E), 0)+IFERROR(SUMIF('6.26'!C:C, C6, '6.26'!E:E), 0)+IFERROR(SUMIF('6.27'!C:C, C6, '6.27'!E:E), 0)+IFERROR(SUMIF('6.28'!C:C, C6, '6.28'!E:E), 0)+IFERROR(SUMIF('6.29'!C:C, C6, '6.29'!E:E), 0)+IFERROR(SUMIF('6.30'!C:C, C6, '6.30'!E:E), 0)+IFERROR(SUMIF('7.1'!C:C, C6, '7.1'!E:E), 0)+IFERROR(SUMIF('7.2'!C:C, C6, '7.2'!E:E), 0)+IFERROR(SUMIF('7.3'!C:C, C6, '7.3'!E:E), 0)+IFERROR(SUMIF('7.4'!C:C, C6, '7.4'!E:E), 0)+IFERROR(SUMIF('7.5'!C:C, C6, '7.5'!E:E), 0)+IFERROR(SUMIF('7.6'!C:C, C6, '7.6'!E:E), 0)+IFERROR(SUMIF('7.7'!C:C, C6, '7.7'!E:E), 0)+IFERROR(SUMIF('7.8'!C:C, C6, '7.8'!E:E), 0)+IFERROR(SUMIF('7.9'!C:C, C6, '7.9'!E:E), 0)+IFERROR(SUMIF('7.10'!C:C, C6, '7.10'!E:E), 0)+IFERROR(SUMIF('7.11'!C:C, C6, '7.11'!E:E), 0)+IFERROR(SUMIF('7.12'!C:C, C6, '7.12'!E:E), 0)+IFERROR(SUMIF('7.13'!C:C, C6, '7.13'!E:E), 0)+IFERROR(SUMIF('7.14'!C:C, C6, '7.14'!E:E), 0)+IFERROR(SUMIF('7.15'!C:C, C6, '7.15'!E:E), 0)+IFERROR(SUMIF('7.16'!C:C, C6, '7.16'!E:E), 0)+IFERROR(SUMIF('7.17'!C:C, C6, '7.17'!E:E), 0)+IFERROR(SUMIF('7.18'!C:C, C6, '7.18'!E:E), 0)+IFERROR(SUMIF('7.19'!C:C, C6, '7.19'!E:E), 0)+IFERROR(SUMIF('7.20'!C:C, C6, '7.20'!E:E), 0)+IFERROR(SUMIF('7.21'!C:C, C6, '7.21'!E:E), 0)+IFERROR(SUMIF('7.22'!C:C, C6, '7.22'!E:E), 0)+IFERROR(SUMIF('7.23'!C:C, C6, '7.23'!E:E), 0)+IFERROR(SUMIF('7.24'!C:C, C6, '7.24'!E:E), 0)+IFERROR(SUMIF('7.25'!C:C, C6, '7.25'!E:E), 0)+IFERROR(SUMIF('7.26'!C:C, C6, '7.26'!E:E), 0)+IFERROR(SUMIF('7.27'!C:C, C6, '7.27'!E:E), 0)+IFERROR(SUMIF('7.28'!C:C, C6, '7.28'!E:E), 0)+IFERROR(SUMIF('7.29'!C:C, C6, '7.29'!E:E), 0)+IFERROR(SUMIF('7.30'!C:C, C6, '7.30'!E:E), 0)+IFERROR(SUMIF('7.31'!C:C, C6, '7.31'!E:E), 0)+IFERROR(SUMIF('8.1'!C:C, C6, '8.1'!E:E), 0)+IFERROR(SUMIF('8.2'!C:C, C6, '8.2'!E:E), 0)+IFERROR(SUMIF('8.3'!C:C, C6, '8.3'!E:E), 0)+IFERROR(SUMIF('8.4'!C:C, C6, '8.4'!E:E), 0)+IFERROR(SUMIF('8.5'!C:C, C6, '8.5'!E:E), 0)+IFERROR(SUMIF('8.6'!C:C, C6, '8.6'!E:E), 0)+IFERROR(SUMIF('8.7'!C:C, C6, '8.7'!E:E), 0)+IFERROR(SUMIF('8.8'!C:C, C6, '8.8'!E:E), 0)+IFERROR(SUMIF('8.9'!C:C, C6, '8.9'!E:E), 0)+IFERROR(SUMIF('8.10'!C:C, C6, '8.10'!E:E), 0)+IFERROR(SUMIF('8.11'!C:C, C6, '8.11'!E:E), 0)+IFERROR(SUMIF('8.12'!C:C, C6, '8.12'!E:E), 0)+IFERROR(SUMIF('8.13'!C:C, C6, '8.13'!E:E), 0)+IFERROR(SUMIF('8.14'!C:C, C6, '8.14'!E:E), 0)+IFERROR(SUMIF('8.15'!C:C, C6, '8.15'!E:E), 0)+IFERROR(SUMIF('8.16'!C:C, C6, '8.16'!E:E), 0)+IFERROR(SUMIF('8.17'!C:C, C6, '8.17'!E:E), 0)+IFERROR(SUMIF('8.18'!C:C, C6, '8.18'!E:E), 0)+IFERROR(SUMIF('8.19'!C:C, C6, '8.19'!E:E), 0)+IFERROR(SUMIF('8.20'!C:C, C6, '8.20'!E:E), 0)+IFERROR(SUMIF('8.21'!C:C, C6, '8.21'!E:E), 0)+IFERROR(SUMIF('8.22'!C:C, C6, '8.22'!E:E), 0)+IFERROR(SUMIF('8.23'!C:C, C6, '8.23'!E:E), 0)+IFERROR(SUMIF('8.24'!C:C, C6, '8.24'!E:E), 0)+IFERROR(SUMIF('8.25'!C:C, C6, '8.25'!E:E), 0)+IFERROR(SUMIF('8.26'!C:C, C6, '8.26'!E:E), 0)+IFERROR(SUMIF('8.27'!C:C, C6, '8.27'!E:E), 0)+IFERROR(SUMIF('8.28'!C:C, C6, '8.28'!E:E), 0)+IFERROR(SUMIF('8.29'!C:C, C6, '8.29'!E:E), 0)+IFERROR(SUMIF('8.30'!C:C, C6, '8.30'!E:E), 0)+IFERROR(SUMIF('8.31'!C:C, C6, '8.31'!E:E), 0)+IFERROR(SUMIF('9.1'!C:C, C6, '9.1'!E:E), 0)+IFERROR(SUMIF('9.2'!C:C, C6, '9.2'!E:E), 0)+IFERROR(SUMIF('9.3'!C:C, C6, '9.3'!E:E), 0)+IFERROR(SUMIF('9.4'!C:C, C6, '9.4'!E:E), 0)+IFERROR(SUMIF('9.5'!C:C, C6, '9.5'!E:E), 0)+IFERROR(SUMIF('9.6'!C:C, C6, '9.6'!E:E), 0)+IFERROR(SUMIF('9.7'!C:C, C6, '9.7'!E:E), 0)+IFERROR(SUMIF('9.8'!C:C, C6, '9.8'!E:E), 0)+IFERROR(SUMIF('9.9'!C:C, C6, '9.9'!E:E), 0)+IFERROR(SUMIF('9.10'!C:C, C6, '9.10'!E:E), 0)+IFERROR(SUMIF('9.11'!C:C, C6, '9.11'!E:E), 0)+IFERROR(SUMIF('9.12'!C:C, C6, '9.12'!E:E), 0)+IFERROR(SUMIF('9.13'!C:C, C6, '9.13'!E:E), 0)+IFERROR(SUMIF('9.14'!C:C, C6, '9.14'!E:E), 0)+IFERROR(SUMIF('9.15'!C:C, C6, '9.15'!E:E), 0)+IFERROR(SUMIF('9.16'!C:C, C6, '9.16'!E:E), 0)+IFERROR(SUMIF('9.17'!C:C, C6, '9.17'!E:E), 0)+IFERROR(SUMIF('9.18'!C:C, C6, '9.18'!E:E), 0)+IFERROR(SUMIF('9.19'!C:C, C6, '9.19'!E:E), 0)+IFERROR(SUMIF('9.20'!C:C, C6, '9.20'!E:E), 0)+IFERROR(SUMIF('9.21'!C:C, C6, '9.21'!E:E), 0)+IFERROR(SUMIF('9.22'!C:C, C6, '9.22'!E:E), 0)+IFERROR(SUMIF('9.23'!C:C, C6, '9.23'!E:E), 0)+IFERROR(SUMIF('9.24'!C:C, C6, '9.24'!E:E), 0)+IFERROR(SUMIF('9.25'!C:C, C6, '9.25'!E:E), 0)+IFERROR(SUMIF('9.26'!C:C, C6, '9.26'!E:E), 0)+IFERROR(SUMIF('9.27'!C:C, C6, '9.27'!E:E), 0)+IFERROR(SUMIF('9.28'!C:C, C6, '9.28'!E:E), 0)+IFERROR(SUMIF('9.29'!C:C, C6, '9.29'!E:E), 0)+IFERROR(SUMIF('9.30'!C:C, C6, '9.30'!E:E), 0)+IFERROR(SUMIF('10.1'!C:C, C6, '10.1'!E:E), 0)+IFERROR(SUMIF('10.2'!C:C, C6, '10.2'!E:E), 0)+IFERROR(SUMIF('10.3'!C:C, C6, '10.3'!E:E), 0)+IFERROR(SUMIF('10.4'!C:C, C6, '10.4'!E:E), 0)+IFERROR(SUMIF('10.5'!C:C, C6, '10.5'!E:E), 0)+IFERROR(SUMIF('10.6'!C:C, C6, '10.6'!E:E), 0)+IFERROR(SUMIF('10.7'!C:C, C6, '10.7'!E:E), 0)+IFERROR(SUMIF('10.8'!C:C, C6, '10.8'!E:E), 0)+IFERROR(SUMIF('10.9'!C:C, C6, '10.9'!E:E), 0)+IFERROR(SUMIF('10.10'!C:C, C6, '10.10'!E:E), 0)+IFERROR(SUMIF('10.11'!C:C, C6, '10.11'!E:E), 0)+IFERROR(SUMIF('10.12'!C:C, C6, '10.12'!E:E), 0)+IFERROR(SUMIF('10.13'!C:C, C6, '10.13'!E:E), 0)+IFERROR(SUMIF('10.14'!C:C, C6, '10.14'!E:E), 0)+IFERROR(SUMIF('10.15'!C:C, C6, '10.15'!E:E), 0)+IFERROR(SUMIF('10.16'!C:C, C6, '10.16'!E:E), 0)+IFERROR(SUMIF('10.17'!C:C, C6, '10.17'!E:E), 0)+IFERROR(SUMIF('10.18'!C:C, C6, '10.18'!E:E), 0)+IFERROR(SUMIF('10.19'!C:C, C6, '10.19'!E:E), 0)+IFERROR(SUMIF('10.20'!C:C, C6, '10.20'!E:E), 0)+IFERROR(SUMIF('10.21'!C:C, C6, '10.21'!E:E), 0)+IFERROR(SUMIF('10.22'!C:C, C6, '10.22'!E:E), 0)+IFERROR(SUMIF('10.23'!C:C, C6, '10.23'!E:E), 0)+IFERROR(SUMIF('10.24'!C:C, C6, '10.24'!E:E), 0)+IFERROR(SUMIF('10.25'!C:C, C6, '10.25'!E:E), 0)+IFERROR(SUMIF('10.26'!C:C, C6, '10.26'!E:E), 0)+IFERROR(SUMIF('10.27'!C:C, C6, '10.27'!E:E), 0)+IFERROR(SUMIF('10.28'!C:C, C6, '10.28'!E:E), 0)+IFERROR(SUMIF('10.29'!C:C, C6, '10.29'!E:E), 0)+IFERROR(SUMIF('10.30'!C:C, C6, '10.30'!E:E), 0)+IFERROR(SUMIF('10.31'!C:C, C6, '10.31'!E:E), 0)+IFERROR(SUMIF('11.1'!C:C, C6, '11.1'!E:E), 0)+IFERROR(SUMIF('11.2'!C:C, C6, '11.2'!E:E), 0)+IFERROR(SUMIF('11.3'!C:C, C6, '11.3'!E:E), 0)+IFERROR(SUMIF('11.4'!C:C, C6, '11.4'!E:E), 0)+IFERROR(SUMIF('11.5'!C:C, C6, '11.5'!E:E), 0)+IFERROR(SUMIF('11.6'!C:C, C6, '11.6'!E:E), 0)+IFERROR(SUMIF('11.7'!C:C, C6, '11.7'!E:E), 0)+IFERROR(SUMIF('11.8'!C:C, C6, '11.8'!E:E), 0)+IFERROR(SUMIF('11.9'!C:C, C6, '11.9'!E:E), 0)+IFERROR(SUMIF('11.10'!C:C, C6, '11.10'!E:E), 0)+IFERROR(SUMIF('11.11'!C:C, C6, '11.11'!E:E), 0)+IFERROR(SUMIF('11.12'!C:C, C6, '11.12'!E:E), 0)+IFERROR(SUMIF('11.13'!C:C, C6, '11.13'!E:E), 0)+IFERROR(SUMIF('11.14'!C:C, C6, '11.14'!E:E), 0)+IFERROR(SUMIF('11.15'!C:C, C6, '11.15'!E:E), 0)+IFERROR(SUMIF('11.16'!C:C, C6, '11.16'!E:E), 0)+IFERROR(SUMIF('11.17'!C:C, C6, '11.17'!E:E), 0)+IFERROR(SUMIF('11.18'!C:C, C6, '11.18'!E:E), 0)+IFERROR(SUMIF('11.19'!C:C, C6, '11.19'!E:E), 0)+IFERROR(SUMIF('11.20'!C:C, C6, '11.20'!E:E), 0)+IFERROR(SUMIF('11.21'!C:C, C6, '11.21'!E:E), 0)+IFERROR(SUMIF('11.22'!C:C, C6, '11.22'!E:E), 0)+IFERROR(SUMIF('11.23'!C:C, C6, '11.23'!E:E), 0)+IFERROR(SUMIF('11.24'!C:C, C6, '11.24'!E:E), 0)+IFERROR(SUMIF('11.25'!C:C, C6, '11.25'!E:E), 0)+IFERROR(SUMIF('11.26'!C:C, C6, '11.26'!E:E), 0)+IFERROR(SUMIF('11.27'!C:C, C6, '11.27'!E:E), 0)+IFERROR(SUMIF('11.28'!C:C, C6, '11.28'!E:E), 0)+IFERROR(SUMIF('11.29'!C:C, C6, '11.29'!E:E), 0)+IFERROR(SUMIF('11.30'!C:C, C6, '11.30'!E:E), 0)+IFERROR(SUMIF('12.1'!C:C, C6, '12.1'!E:E), 0)+IFERROR(SUMIF('12.2'!C:C, C6, '12.2'!E:E), 0)+IFERROR(SUMIF('12.3'!C:C, C6, '12.3'!E:E), 0)+IFERROR(SUMIF('12.4'!C:C, C6, '12.4'!E:E), 0)+IFERROR(SUMIF('12.5'!C:C, C6, '12.5'!E:E), 0)+IFERROR(SUMIF('12.6'!C:C, C6, '12.6'!E:E), 0)+IFERROR(SUMIF('12.7'!C:C, C6, '12.7'!E:E), 0)+IFERROR(SUMIF('12.8'!C:C, C6, '12.8'!E:E), 0)+IFERROR(SUMIF('12.9'!C:C, C6, '12.9'!E:E), 0)+IFERROR(SUMIF('12.10'!C:C, C6, '12.10'!E:E), 0)+IFERROR(SUMIF('12.11'!C:C, C6, '12.11'!E:E), 0)+IFERROR(SUMIF('12.12'!C:C, C6, '12.12'!E:E), 0)+IFERROR(SUMIF('12.13'!C:C, C6, '12.13'!E:E), 0)+IFERROR(SUMIF('12.14'!C:C, C6, '12.14'!E:E), 0)+IFERROR(SUMIF('12.15'!C:C, C6, '12.15'!E:E), 0)+IFERROR(SUMIF('12.16'!C:C, C6, '12.16'!E:E), 0)+IFERROR(SUMIF('12.17'!C:C, C6, '12.17'!E:E), 0)+IFERROR(SUMIF('12.18'!C:C, C6, '12.18'!E:E), 0)+IFERROR(SUMIF('12.19'!C:C, C6, '12.19'!E:E), 0)+IFERROR(SUMIF('12.20'!C:C, C6, '12.20'!E:E), 0)+IFERROR(SUMIF('12.21'!C:C, C6, '12.21'!E:E), 0)+IFERROR(SUMIF('12.22'!C:C, C6, '12.22'!E:E), 0)+IFERROR(SUMIF('12.23'!C:C, C6, '12.23'!E:E), 0)+IFERROR(SUMIF('12.24'!C:C, C6, '12.24'!E:E), 0)+IFERROR(SUMIF('12.25'!C:C, C6, '12.25'!E:E), 0)+IFERROR(SUMIF('12.26'!C:C, C6, '12.26'!E:E), 0)+IFERROR(SUMIF('12.27'!C:C, C6, '12.27'!E:E), 0)+IFERROR(SUMIF('12.28'!C:C, C6, '12.28'!E:E), 0)+IFERROR(SUMIF('12.29'!C:C, C6, '12.29'!E:E), 0)+IFERROR(SUMIF('12.30'!C:C, C6, '12.30'!E:E), 0)+IFERROR(SUMIF('12.31'!C:C, C6, '12.31'!E:E), 0) -> 0 | G6: =IFERROR(SUMIF('1.1'!C:C, C6, '1.1'!G:G), 0)+IFERROR(SUMIF('1.2'!C:C, C6, '1.2'!G:G), 0)+IFERROR(SUMIF('1.3'!C:C, C6, '1.3'!G:G), 0)+IFERROR(SUMIF('1.4'!C:C, C6, '1.4'!G:G), 0)+IFERROR(SUMIF('1.5'!C:C, C6, '1.5'!G:G), 0)+IFERROR(SUMIF('1.6'!C:C, C6, '1.6'!G:G), 0)+IFERROR(SUMIF('1.7'!C:C, C6, '1.7'!G:G), 0)+IFERROR(SUMIF('1.8'!C:C, C6, '1.8'!G:G), 0)+IFERROR(SUMIF('1.9'!C:C, C6, '1.9'!G:G), 0)+IFERROR(SUMIF('1.10'!C:C, C6, '1.10'!G:G), 0)+IFERROR(SUMIF('1.11'!C:C, C6, '1.11'!G:G), 0)+IFERROR(SUMIF('1.12'!C:C, C6, '1.12'!G:G), 0)+IFERROR(SUMIF('1.13'!C:C, C6, '1.13'!G:G), 0)+IFERROR(SUMIF('1.14'!C:C, C6, '1.14'!G:G), 0)+IFERROR(SUMIF('1.15'!C:C, C6, '1.15'!G:G), 0)+IFERROR(SUMIF('1.16'!C:C, C6, '1.16'!G:G), 0)+IFERROR(SUMIF('1.17'!C:C, C6, '1.17'!G:G), 0)+IFERROR(SUMIF('1.18'!C:C, C6, '1.18'!G:G), 0)+IFERROR(SUMIF('1.19'!C:C, C6, '1.19'!G:G), 0)+IFERROR(SUMIF('1.20'!C:C, C6, '1.20'!G:G), 0)+IFERROR(SUMIF('1.21'!C:C, C6, '1.21'!G:G), 0)+IFERROR(SUMIF('1.22'!C:C, C6, '1.22'!G:G), 0)+IFERROR(SUMIF('1.23'!C:C, C6, '1.23'!G:G), 0)+IFERROR(SUMIF('1.24'!C:C, C6, '1.24'!G:G), 0)+IFERROR(SUMIF('1.25'!C:C, C6, '1.25'!G:G), 0)+IFERROR(SUMIF('1.26'!C:C, C6, '1.26'!G:G), 0)+IFERROR(SUMIF('1.27'!C:C, C6, '1.27'!G:G), 0)+IFERROR(SUMIF('1.28'!C:C, C6, '1.28'!G:G), 0)+IFERROR(SUMIF('1.29'!C:C, C6, '1.29'!G:G), 0)+IFERROR(SUMIF('1.30'!C:C, C6, '1.30'!G:G), 0)+IFERROR(SUMIF('1.31'!C:C, C6, '1.31'!G:G), 0)+IFERROR(SUMIF('2.1'!C:C, C6, '2.1'!G:G), 0)+IFERROR(SUMIF('2.2'!C:C, C6, '2.2'!G:G), 0)+IFERROR(SUMIF('2.3'!C:C, C6, '2.3'!G:G), 0)+IFERROR(SUMIF('2.4'!C:C, C6, '2.4'!G:G), 0)+IFERROR(SUMIF('2.5'!C:C, C6, '2.5'!G:G), 0)+IFERROR(SUMIF('2.6'!C:C, C6, '2.6'!G:G), 0)+IFERROR(SUMIF('2.7'!C:C, C6, '2.7'!G:G), 0)+IFERROR(SUMIF('2.8'!C:C, C6, '2.8'!G:G), 0)+IFERROR(SUMIF('2.9'!C:C, C6, '2.9'!G:G), 0)+IFERROR(SUMIF('2.10'!C:C, C6, '2.10'!G:G), 0)+IFERROR(SUMIF('2.11'!C:C, C6, '2.11'!G:G), 0)+IFERROR(SUMIF('2.12'!C:C, C6, '2.12'!G:G), 0)+IFERROR(SUMIF('2.13'!C:C, C6, '2.13'!G:G), 0)+IFERROR(SUMIF('2.14'!C:C, C6, '2.14'!G:G), 0)+IFERROR(SUMIF('2.15'!C:C, C6, '2.15'!G:G), 0)+IFERROR(SUMIF('2.16'!C:C, C6, '2.16'!G:G), 0)+IFERROR(SUMIF('2.17'!C:C, C6, '2.17'!G:G), 0)+IFERROR(SUMIF('2.18'!C:C, C6, '2.18'!G:G), 0)+IFERROR(SUMIF('2.19'!C:C, C6, '2.19'!G:G), 0)+IFERROR(SUMIF('2.20'!C:C, C6, '2.20'!G:G), 0)+IFERROR(SUMIF('2.21'!C:C, C6, '2.21'!G:G), 0)+IFERROR(SUMIF('2.22'!C:C, C6, '2.22'!G:G), 0)+IFERROR(SUMIF('2.23'!C:C, C6, '2.23'!G:G), 0)+IFERROR(SUMIF('2.24'!C:C, C6, '2.24'!G:G), 0)+IFERROR(SUMIF('2.25'!C:C, C6, '2.25'!G:G), 0)+IFERROR(SUMIF('2.26'!C:C, C6, '2.26'!G:G), 0)+IFERROR(SUMIF('2.27'!C:C, C6, '2.27'!G:G), 0)+IFERROR(SUMIF('2.28'!C:C, C6, '2.28'!G:G), 0)+IFERROR(SUMIF('3.1'!C:C, C6, '3.1'!G:G), 0)+IFERROR(SUMIF('3.2'!C:C, C6, '3.2'!G:G), 0)+IFERROR(SUMIF('3.3'!C:C, C6, '3.3'!G:G), 0)+IFERROR(SUMIF('3.4'!C:C, C6, '3.4'!G:G), 0)+IFERROR(SUMIF('3.5'!C:C, C6, '3.5'!G:G), 0)+IFERROR(SUMIF('3.6'!C:C, C6, '3.6'!G:G), 0)+IFERROR(SUMIF('3.7'!C:C, C6, '3.7'!G:G), 0)+IFERROR(SUMIF('3.8'!C:C, C6, '3.8'!G:G), 0)+IFERROR(SUMIF('3.9'!C:C, C6, '3.9'!G:G), 0)+IFERROR(SUMIF('3.10'!C:C, C6, '3.10'!G:G), 0)+IFERROR(SUMIF('3.11'!C:C, C6, '3.11'!G:G), 0)+IFERROR(SUMIF('3.12'!C:C, C6, '3.12'!G:G), 0)+IFERROR(SUMIF('3.13'!C:C, C6, '3.13'!G:G), 0)+IFERROR(SUMIF('3.14'!C:C, C6, '3.14'!G:G), 0)+IFERROR(SUMIF('3.15'!C:C, C6, '3.15'!G:G), 0)+IFERROR(SUMIF('3.16'!C:C, C6, '3.16'!G:G), 0)+IFERROR(SUMIF('3.17'!C:C, C6, '3.17'!G:G), 0)+IFERROR(SUMIF('3.18'!C:C, C6, '3.18'!G:G), 0)+IFERROR(SUMIF('3.19'!C:C, C6, '3.19'!G:G), 0)+IFERROR(SUMIF('3.20'!C:C, C6, '3.20'!G:G), 0)+IFERROR(SUMIF('3.21'!C:C, C6, '3.21'!G:G), 0)+IFERROR(SUMIF('3.22'!C:C, C6, '3.22'!G:G), 0)+IFERROR(SUMIF('3.23'!C:C, C6, '3.23'!G:G), 0)+IFERROR(SUMIF('3.24'!C:C, C6, '3.24'!G:G), 0)+IFERROR(SUMIF('3.25'!C:C, C6, '3.25'!G:G), 0)+IFERROR(SUMIF('3.26'!C:C, C6, '3.26'!G:G), 0)+IFERROR(SUMIF('3.27'!C:C, C6, '3.27'!G:G), 0)+IFERROR(SUMIF('3.28'!C:C, C6, '3.28'!G:G), 0)+IFERROR(SUMIF('3.29'!C:C, C6, '3.29'!G:G), 0)+IFERROR(SUMIF('3.30'!C:C, C6, '3.30'!G:G), 0)+IFERROR(SUMIF('3.31'!C:C, C6, '3.31'!G:G), 0)+IFERROR(SUMIF('4.1'!C:C, C6, '4.1'!G:G), 0)+IFERROR(SUMIF('4.2'!C:C, C6, '4.2'!G:G), 0)+IFERROR(SUMIF('4.3'!C:C, C6, '4.3'!G:G), 0)+IFERROR(SUMIF('4.4'!C:C, C6, '4.4'!G:G), 0)+IFERROR(SUMIF('4.5'!C:C, C6, '4.5'!G:G), 0)+IFERROR(SUMIF('4.6'!C:C, C6, '4.6'!G:G), 0)+IFERROR(SUMIF('4.7'!C:C, C6, '4.7'!G:G), 0)+IFERROR(SUMIF('4.8'!C:C, C6, '4.8'!G:G), 0)+IFERROR(SUMIF('4.9'!C:C, C6, '4.9'!G:G), 0)+IFERROR(SUMIF('4.10'!C:C, C6, '4.10'!G:G), 0)+IFERROR(SUMIF('4.11'!C:C, C6, '4.11'!G:G), 0)+IFERROR(SUMIF('4.12'!C:C, C6, '4.12'!G:G), 0)+IFERROR(SUMIF('4.13'!C:C, C6, '4.13'!G:G), 0)+IFERROR(SUMIF('4.14'!C:C, C6, '4.14'!G:G), 0)+IFERROR(SUMIF('4.15'!C:C, C6, '4.15'!G:G), 0)+IFERROR(SUMIF('4.16'!C:C, C6, '4.16'!G:G), 0)+IFERROR(SUMIF('4.17'!C:C, C6, '4.17'!G:G), 0)+IFERROR(SUMIF('4.18'!C:C, C6, '4.18'!G:G), 0)+IFERROR(SUMIF('4.19'!C:C, C6, '4.19'!G:G), 0)+IFERROR(SUMIF('4.20'!C:C, C6, '4.20'!G:G), 0)+IFERROR(SUMIF('4.21'!C:C, C6, '4.21'!G:G), 0)+IFERROR(SUMIF('4.22'!C:C, C6, '4.22'!G:G), 0)+IFERROR(SUMIF('4.23'!C:C, C6, '4.23'!G:G), 0)+IFERROR(SUMIF('4.24'!C:C, C6, '4.24'!G:G), 0)+IFERROR(SUMIF('4.25'!C:C, C6, '4.25'!G:G), 0)+IFERROR(SUMIF('4.26'!C:C, C6, '4.26'!G:G), 0)+IFERROR(SUMIF('4.27'!C:C, C6, '4.27'!G:G), 0)+IFERROR(SUMIF('4.28'!C:C, C6, '4.28'!G:G), 0)+IFERROR(SUMIF('4.29'!C:C, C6, '4.29'!G:G), 0)+IFERROR(SUMIF('4.30'!C:C, C6, '4.30'!G:G), 0)+IFERROR(SUMIF('5.1'!C:C, C6, '5.1'!G:G), 0)+IFERROR(SUMIF('5.2'!C:C, C6, '5.2'!G:G), 0)+IFERROR(SUMIF('5.3'!C:C, C6, '5.3'!G:G), 0)+IFERROR(SUMIF('5.4'!C:C, C6, '5.4'!G:G), 0)+IFERROR(SUMIF('5.5'!C:C, C6, '5.5'!G:G), 0)+IFERROR(SUMIF('5.6'!C:C, C6, '5.6'!G:G), 0)+IFERROR(SUMIF('5.7'!C:C, C6, '5.7'!G:G), 0)+IFERROR(SUMIF('5.8'!C:C, C6, '5.8'!G:G), 0)+IFERROR(SUMIF('5.9'!C:C, C6, '5.9'!G:G), 0)+IFERROR(SUMIF('5.10'!C:C, C6, '5.10'!G:G), 0)+IFERROR(SUMIF('5.11'!C:C, C6, '5.11'!G:G), 0)+IFERROR(SUMIF('5.12'!C:C, C6, '5.12'!G:G), 0)+IFERROR(SUMIF('5.13'!C:C, C6, '5.13'!G:G), 0)+IFERROR(SUMIF('5.14'!C:C, C6, '5.14'!G:G), 0)+IFERROR(SUMIF('5.15'!C:C, C6, '5.15'!G:G), 0)+IFERROR(SUMIF('5.16'!C:C, C6, '5.16'!G:G), 0)+IFERROR(SUMIF('5.17'!C:C, C6, '5.17'!G:G), 0)+IFERROR(SUMIF('5.18'!C:C, C6, '5.18'!G:G), 0)+IFERROR(SUMIF('5.19'!C:C, C6, '5.19'!G:G), 0)+IFERROR(SUMIF('5.20'!C:C, C6, '5.20'!G:G), 0)+IFERROR(SUMIF('5.21'!C:C, C6, '5.21'!G:G), 0)+IFERROR(SUMIF('5.22'!C:C, C6, '5.22'!G:G), 0)+IFERROR(SUMIF('5.23'!C:C, C6, '5.23'!G:G), 0)+IFERROR(SUMIF('5.24'!C:C, C6, '5.24'!G:G), 0)+IFERROR(SUMIF('5.25'!C:C, C6, '5.25'!G:G), 0)+IFERROR(SUMIF('5.26'!C:C, C6, '5.26'!G:G), 0)+IFERROR(SUMIF('5.27'!C:C, C6, '5.27'!G:G), 0)+IFERROR(SUMIF('5.28'!C:C, C6, '5.28'!G:G), 0)+IFERROR(SUMIF('5.29'!C:C, C6, '5.29'!G:G), 0)+IFERROR(SUMIF('5.30'!C:C, C6, '5.30'!G:G), 0)+IFERROR(SUMIF('5.31'!C:C, C6, '5.31'!G:G), 0)+IFERROR(SUMIF('6.1'!C:C, C6, '6.1'!G:G), 0)+IFERROR(SUMIF('6.2'!C:C, C6, '6.2'!G:G), 0)+IFERROR(SUMIF('6.3'!C:C, C6, '6.3'!G:G), 0)+IFERROR(SUMIF('6.4'!C:C, C6, '6.4'!G:G), 0)+IFERROR(SUMIF('6.5'!C:C, C6, '6.5'!G:G), 0)+IFERROR(SUMIF('6.6'!C:C, C6, '6.6'!G:G), 0)+IFERROR(SUMIF('6.7'!C:C, C6, '6.7'!G:G), 0)+IFERROR(SUMIF('6.8'!C:C, C6, '6.8'!G:G), 0)+IFERROR(SUMIF('6.9'!C:C, C6, '6.9'!G:G), 0)+IFERROR(SUMIF('6.10'!C:C, C6, '6.10'!G:G), 0)+IFERROR(SUMIF('6.11'!C:C, C6, '6.11'!G:G), 0)+IFERROR(SUMIF('6.12'!C:C, C6, '6.12'!G:G), 0)+IFERROR(SUMIF('6.13'!C:C, C6, '6.13'!G:G), 0)+IFERROR(SUMIF('6.14'!C:C, C6, '6.14'!G:G), 0)+IFERROR(SUMIF('6.15'!C:C, C6, '6.15'!G:G), 0)+IFERROR(SUMIF('6.16'!C:C, C6, '6.16'!G:G), 0)+IFERROR(SUMIF('6.17'!C:C, C6, '6.17'!G:G), 0)+IFERROR(SUMIF('6.18'!C:C, C6, '6.18'!G:G), 0)+IFERROR(SUMIF('6.19'!C:C, C6, '6.19'!G:G), 0)+IFERROR(SUMIF('6.20'!C:C, C6, '6.20'!G:G), 0)+IFERROR(SUMIF('6.21'!C:C, C6, '6.21'!G:G), 0)+IFERROR(SUMIF('6.22'!C:C, C6, '6.22'!G:G), 0)+IFERROR(SUMIF('6.23'!C:C, C6, '6.23'!G:G), 0)+IFERROR(SUMIF('6.24'!C:C, C6, '6.24'!G:G), 0)+IFERROR(SUMIF('6.25'!C:C, C6, '6.25'!G:G), 0)+IFERROR(SUMIF('6.26'!C:C, C6, '6.26'!G:G), 0)+IFERROR(SUMIF('6.27'!C:C, C6, '6.27'!G:G), 0)+IFERROR(SUMIF('6.28'!C:C, C6, '6.28'!G:G), 0)+IFERROR(SUMIF('6.29'!C:C, C6, '6.29'!G:G), 0)+IFERROR(SUMIF('6.30'!C:C, C6, '6.30'!G:G), 0)+IFERROR(SUMIF('7.1'!C:C, C6, '7.1'!G:G), 0)+IFERROR(SUMIF('7.2'!C:C, C6, '7.2'!G:G), 0)+IFERROR(SUMIF('7.3'!C:C, C6, '7.3'!G:G), 0)+IFERROR(SUMIF('7.4'!C:C, C6, '7.4'!G:G), 0)+IFERROR(SUMIF('7.5'!C:C, C6, '7.5'!G:G), 0)+IFERROR(SUMIF('7.6'!C:C, C6, '7.6'!G:G), 0)+IFERROR(SUMIF('7.7'!C:C, C6, '7.7'!G:G), 0)+IFERROR(SUMIF('7.8'!C:C, C6, '7.8'!G:G), 0)+IFERROR(SUMIF('7.9'!C:C, C6, '7.9'!G:G), 0)+IFERROR(SUMIF('7.10'!C:C, C6, '7.10'!G:G), 0)+IFERROR(SUMIF('7.11'!C:C, C6, '7.11'!G:G), 0)+IFERROR(SUMIF('7.12'!C:C, C6, '7.12'!G:G), 0)+IFERROR(SUMIF('7.13'!C:C, C6, '7.13'!G:G), 0)+IFERROR(SUMIF('7.14'!C:C, C6, '7.14'!G:G), 0)+IFERROR(SUMIF('7.15'!C:C, C6, '7.15'!G:G), 0)+IFERROR(SUMIF('7.16'!C:C, C6, '7.16'!G:G), 0)+IFERROR(SUMIF('7.17'!C:C, C6, '7.17'!G:G), 0)+IFERROR(SUMIF('7.18'!C:C, C6, '7.18'!G:G), 0)+IFERROR(SUMIF('7.19'!C:C, C6, '7.19'!G:G), 0)+IFERROR(SUMIF('7.20'!C:C, C6, '7.20'!G:G), 0)+IFERROR(SUMIF('7.21'!C:C, C6, '7.21'!G:G), 0)+IFERROR(SUMIF('7.22'!C:C, C6, '7.22'!G:G), 0)+IFERROR(SUMIF('7.23'!C:C, C6, '7.23'!G:G), 0)+IFERROR(SUMIF('7.24'!C:C, C6, '7.24'!G:G), 0)+IFERROR(SUMIF('7.25'!C:C, C6, '7.25'!G:G), 0)+IFERROR(SUMIF('7.26'!C:C, C6, '7.26'!G:G), 0)+IFERROR(SUMIF('7.27'!C:C, C6, '7.27'!G:G), 0)+IFERROR(SUMIF('7.28'!C:C, C6, '7.28'!G:G), 0)+IFERROR(SUMIF('7.29'!C:C, C6, '7.29'!G:G), 0)+IFERROR(SUMIF('7.30'!C:C, C6, '7.30'!G:G), 0)+IFERROR(SUMIF('7.31'!C:C, C6, '7.31'!G:G), 0)+IFERROR(SUMIF('8.1'!C:C, C6, '8.1'!G:G), 0)+IFERROR(SUMIF('8.2'!C:C, C6, '8.2'!G:G), 0)+IFERROR(SUMIF('8.3'!C:C, C6, '8.3'!G:G), 0)+IFERROR(SUMIF('8.4'!C:C, C6, '8.4'!G:G), 0)+IFERROR(SUMIF('8.5'!C:C, C6, '8.5'!G:G), 0)+IFERROR(SUMIF('8.6'!C:C, C6, '8.6'!G:G), 0)+IFERROR(SUMIF('8.7'!C:C, C6, '8.7'!G:G), 0)+IFERROR(SUMIF('8.8'!C:C, C6, '8.8'!G:G), 0)+IFERROR(SUMIF('8.9'!C:C, C6, '8.9'!G:G), 0)+IFERROR(SUMIF('8.10'!C:C, C6, '8.10'!G:G), 0)+IFERROR(SUMIF('8.11'!C:C, C6, '8.11'!G:G), 0)+IFERROR(SUMIF('8.12'!C:C, C6, '8.12'!G:G), 0)+IFERROR(SUMIF('8.13'!C:C, C6, '8.13'!G:G), 0)+IFERROR(SUMIF('8.14'!C:C, C6, '8.14'!G:G), 0)+IFERROR(SUMIF('8.15'!C:C, C6, '8.15'!G:G), 0)+IFERROR(SUMIF('8.16'!C:C, C6, '8.16'!G:G), 0)+IFERROR(SUMIF('8.17'!C:C, C6, '8.17'!G:G), 0)+IFERROR(SUMIF('8.18'!C:C, C6, '8.18'!G:G), 0)+IFERROR(SUMIF('8.19'!C:C, C6, '8.19'!G:G), 0)+IFERROR(SUMIF('8.20'!C:C, C6, '8.20'!G:G), 0)+IFERROR(SUMIF('8.21'!C:C, C6, '8.21'!G:G), 0)+IFERROR(SUMIF('8.22'!C:C, C6, '8.22'!G:G), 0)+IFERROR(SUMIF('8.23'!C:C, C6, '8.23'!G:G), 0)+IFERROR(SUMIF('8.24'!C:C, C6, '8.24'!G:G), 0)+IFERROR(SUMIF('8.25'!C:C, C6, '8.25'!G:G), 0)+IFERROR(SUMIF('8.26'!C:C, C6, '8.26'!G:G), 0)+IFERROR(SUMIF('8.27'!C:C, C6, '8.27'!G:G), 0)+IFERROR(SUMIF('8.28'!C:C, C6, '8.28'!G:G), 0)+IFERROR(SUMIF('8.29'!C:C, C6, '8.29'!G:G), 0)+IFERROR(SUMIF('8.30'!C:C, C6, '8.30'!G:G), 0)+IFERROR(SUMIF('8.31'!C:C, C6, '8.31'!G:G), 0)+IFERROR(SUMIF('9.1'!C:C, C6, '9.1'!G:G), 0)+IFERROR(SUMIF('9.2'!C:C, C6, '9.2'!G:G), 0)+IFERROR(SUMIF('9.3'!C:C, C6, '9.3'!G:G), 0)+IFERROR(SUMIF('9.4'!C:C, C6, '9.4'!G:G), 0)+IFERROR(SUMIF('9.5'!C:C, C6, '9.5'!G:G), 0)+IFERROR(SUMIF('9.6'!C:C, C6, '9.6'!G:G), 0)+IFERROR(SUMIF('9.7'!C:C, C6, '9.7'!G:G), 0)+IFERROR(SUMIF('9.8'!C:C, C6, '9.8'!G:G), 0)+IFERROR(SUMIF('9.9'!C:C, C6, '9.9'!G:G), 0)+IFERROR(SUMIF('9.10'!C:C, C6, '9.10'!G:G), 0)+IFERROR(SUMIF('9.11'!C:C, C6, '9.11'!G:G), 0)+IFERROR(SUMIF('9.12'!C:C, C6, '9.12'!G:G), 0)+IFERROR(SUMIF('9.13'!C:C, C6, '9.13'!G:G), 0)+IFERROR(SUMIF('9.14'!C:C, C6, '9.14'!G:G), 0)+IFERROR(SUMIF('9.15'!C:C, C6, '9.15'!G:G), 0)+IFERROR(SUMIF('9.16'!C:C, C6, '9.16'!G:G), 0)+IFERROR(SUMIF('9.17'!C:C, C6, '9.17'!G:G), 0)+IFERROR(SUMIF('9.18'!C:C, C6, '9.18'!G:G), 0)+IFERROR(SUMIF('9.19'!C:C, C6, '9.19'!G:G), 0)+IFERROR(SUMIF('9.20'!C:C, C6, '9.20'!G:G), 0)+IFERROR(SUMIF('9.21'!C:C, C6, '9.21'!G:G), 0)+IFERROR(SUMIF('9.22'!C:C, C6, '9.22'!G:G), 0)+IFERROR(SUMIF('9.23'!C:C, C6, '9.23'!G:G), 0)+IFERROR(SUMIF('9.24'!C:C, C6, '9.24'!G:G), 0)+IFERROR(SUMIF('9.25'!C:C, C6, '9.25'!G:G), 0)+IFERROR(SUMIF('9.26'!C:C, C6, '9.26'!G:G), 0)+IFERROR(SUMIF('9.27'!C:C, C6, '9.27'!G:G), 0)+IFERROR(SUMIF('9.28'!C:C, C6, '9.28'!G:G), 0)+IFERROR(SUMIF('9.29'!C:C, C6, '9.29'!G:G), 0)+IFERROR(SUMIF('9.30'!C:C, C6, '9.30'!G:G), 0)+IFERROR(SUMIF('10.1'!C:C, C6, '10.1'!G:G), 0)+IFERROR(SUMIF('10.2'!C:C, C6, '10.2'!G:G), 0)+IFERROR(SUMIF('10.3'!C:C, C6, '10.3'!G:G), 0)+IFERROR(SUMIF('10.4'!C:C, C6, '10.4'!G:G), 0)+IFERROR(SUMIF('10.5'!C:C, C6, '10.5'!G:G), 0)+IFERROR(SUMIF('10.6'!C:C, C6, '10.6'!G:G), 0)+IFERROR(SUMIF('10.7'!C:C, C6, '10.7'!G:G), 0)+IFERROR(SUMIF('10.8'!C:C, C6, '10.8'!G:G), 0)+IFERROR(SUMIF('10.9'!C:C, C6, '10.9'!G:G), 0)+IFERROR(SUMIF('10.10'!C:C, C6, '10.10'!G:G), 0)+IFERROR(SUMIF('10.11'!C:C, C6, '10.11'!G:G), 0)+IFERROR(SUMIF('10.12'!C:C, C6, '10.12'!G:G), 0)+IFERROR(SUMIF('10.13'!C:C, C6, '10.13'!G:G), 0)+IFERROR(SUMIF('10.14'!C:C, C6, '10.14'!G:G), 0)+IFERROR(SUMIF('10.15'!C:C, C6, '10.15'!G:G), 0)+IFERROR(SUMIF('10.16'!C:C, C6, '10.16'!G:G), 0)+IFERROR(SUMIF('10.17'!C:C, C6, '10.17'!G:G), 0)+IFERROR(SUMIF('10.18'!C:C, C6, '10.18'!G:G), 0)+IFERROR(SUMIF('10.19'!C:C, C6, '10.19'!G:G), 0)+IFERROR(SUMIF('10.20'!C:C, C6, '10.20'!G:G), 0)+IFERROR(SUMIF('10.21'!C:C, C6, '10.21'!G:G), 0)+IFERROR(SUMIF('10.22'!C:C, C6, '10.22'!G:G), 0)+IFERROR(SUMIF('10.23'!C:C, C6, '10.23'!G:G), 0)+IFERROR(SUMIF('10.24'!C:C, C6, '10.24'!G:G), 0)+IFERROR(SUMIF('10.25'!C:C, C6, '10.25'!G:G), 0)+IFERROR(SUMIF('10.26'!C:C, C6, '10.26'!G:G), 0)+IFERROR(SUMIF('10.27'!C:C, C6, '10.27'!G:G), 0)+IFERROR(SUMIF('10.28'!C:C, C6, '10.28'!G:G), 0)+IFERROR(SUMIF('10.29'!C:C, C6, '10.29'!G:G), 0)+IFERROR(SUMIF('10.30'!C:C, C6, '10.30'!G:G), 0)+IFERROR(SUMIF('10.31'!C:C, C6, '10.31'!G:G), 0)+IFERROR(SUMIF('11.1'!C:C, C6, '11.1'!G:G), 0)+IFERROR(SUMIF('11.2'!C:C, C6, '11.2'!G:G), 0)+IFERROR(SUMIF('11.3'!C:C, C6, '11.3'!G:G), 0)+IFERROR(SUMIF('11.4'!C:C, C6, '11.4'!G:G), 0)+IFERROR(SUMIF('11.5'!C:C, C6, '11.5'!G:G), 0)+IFERROR(SUMIF('11.6'!C:C, C6, '11.6'!G:G), 0)+IFERROR(SUMIF('11.7'!C:C, C6, '11.7'!G:G), 0)+IFERROR(SUMIF('11.8'!C:C, C6, '11.8'!G:G), 0)+IFERROR(SUMIF('11.9'!C:C, C6, '11.9'!G:G), 0)+IFERROR(SUMIF('11.10'!C:C, C6, '11.10'!G:G), 0)+IFERROR(SUMIF('11.11'!C:C, C6, '11.11'!G:G), 0)+IFERROR(SUMIF('11.12'!C:C, C6, '11.12'!G:G), 0)+IFERROR(SUMIF('11.13'!C:C, C6, '11.13'!G:G), 0)+IFERROR(SUMIF('11.14'!C:C, C6, '11.14'!G:G), 0)+IFERROR(SUMIF('11.15'!C:C, C6, '11.15'!G:G), 0)+IFERROR(SUMIF('11.16'!C:C, C6, '11.16'!G:G), 0)+IFERROR(SUMIF('11.17'!C:C, C6, '11.17'!G:G), 0)+IFERROR(SUMIF('11.18'!C:C, C6, '11.18'!G:G), 0)+IFERROR(SUMIF('11.19'!C:C, C6, '11.19'!G:G), 0)+IFERROR(SUMIF('11.20'!C:C, C6, '11.20'!G:G), 0)+IFERROR(SUMIF('11.21'!C:C, C6, '11.21'!G:G), 0)+IFERROR(SUMIF('11.22'!C:C, C6, '11.22'!G:G), 0)+IFERROR(SUMIF('11.23'!C:C, C6, '11.23'!G:G), 0)+IFERROR(SUMIF('11.24'!C:C, C6, '11.24'!G:G), 0)+IFERROR(SUMIF('11.25'!C:C, C6, '11.25'!G:G), 0)+IFERROR(SUMIF('11.26'!C:C, C6, '11.26'!G:G), 0)+IFERROR(SUMIF('11.27'!C:C, C6, '11.27'!G:G), 0)+IFERROR(SUMIF('11.28'!C:C, C6, '11.28'!G:G), 0)+IFERROR(SUMIF('11.29'!C:C, C6, '11.29'!G:G), 0)+IFERROR(SUMIF('11.30'!C:C, C6, '11.30'!G:G), 0)+IFERROR(SUMIF('12.1'!C:C, C6, '12.1'!G:G), 0)+IFERROR(SUMIF('12.2'!C:C, C6, '12.2'!G:G), 0)+IFERROR(SUMIF('12.3'!C:C, C6, '12.3'!G:G), 0)+IFERROR(SUMIF('12.4'!C:C, C6, '12.4'!G:G), 0)+IFERROR(SUMIF('12.5'!C:C, C6, '12.5'!G:G), 0)+IFERROR(SUMIF('12.6'!C:C, C6, '12.6'!G:G), 0)+IFERROR(SUMIF('12.7'!C:C, C6, '12.7'!G:G), 0)+IFERROR(SUMIF('12.8'!C:C, C6, '12.8'!G:G), 0)+IFERROR(SUMIF('12.9'!C:C, C6, '12.9'!G:G), 0)+IFERROR(SUMIF('12.10'!C:C, C6, '12.10'!G:G), 0)+IFERROR(SUMIF('12.11'!C:C, C6, '12.11'!G:G), 0)+IFERROR(SUMIF('12.12'!C:C, C6, '12.12'!G:G), 0)+IFERROR(SUMIF('12.13'!C:C, C6, '12.13'!G:G), 0)+IFERROR(SUMIF('12.14'!C:C, C6, '12.14'!G:G), 0)+IFERROR(SUMIF('12.15'!C:C, C6, '12.15'!G:G), 0)+IFERROR(SUMIF('12.16'!C:C, C6, '12.16'!G:G), 0)+IFERROR(SUMIF('12.17'!C:C, C6, '12.17'!G:G), 0)+IFERROR(SUMIF('12.18'!C:C, C6, '12.18'!G:G), 0)+IFERROR(SUMIF('12.19'!C:C, C6, '12.19'!G:G), 0)+IFERROR(SUMIF('12.20'!C:C, C6, '12.20'!G:G), 0)+IFERROR(SUMIF('12.21'!C:C, C6, '12.21'!G:G), 0)+IFERROR(SUMIF('12.22'!C:C, C6, '12.22'!G:G), 0)+IFERROR(SUMIF('12.23'!C:C, C6, '12.23'!G:G), 0)+IFERROR(SUMIF('12.24'!C:C, C6, '12.24'!G:G), 0)+IFERROR(SUMIF('12.25'!C:C, C6, '12.25'!G:G), 0)+IFERROR(SUMIF('12.26'!C:C, C6, '12.26'!G:G), 0)+IFERROR(SUMIF('12.27'!C:C, C6, '12.27'!G:G), 0)+IFERROR(SUMIF('12.28'!C:C, C6, '12.28'!G:G), 0)+IFERROR(SUMIF('12.29'!C:C, C6, '12.29'!G:G), 0)+IFERROR(SUMIF('12.30'!C:C, C6, '12.30'!G:G), 0)+IFERROR(SUMIF('12.31'!C:C, C6, '12.31'!G:G), 0) -> 0
A7: 4 | B7: Romaine Lettuce | C7: 小油麦 | D7: Frt & Veg/蔬果 | E7: kg / 公斤 | F7: =IFERROR(SUMIF('1.1'!C:C, C7, '1.1'!E:E), 0)+IFERROR(SUMIF('1.2'!C:C, C7, '1.2'!E:E), 0)+IFERROR(SUMIF('1.3'!C:C, C7, '1.3'!E:E), 0)+IFERROR(SUMIF('1.4'!C:C, C7, '1.4'!E:E), 0)+IFERROR(SUMIF('1.5'!C:C, C7, '1.5'!E:E), 0)+IFERROR(SUMIF('1.6'!C:C, C7, '1.6'!E:E), 0)+IFERROR(SUMIF('1.7'!C:C, C7, '1.7'!E:E), 0)+IFERROR(SUMIF('1.8'!C:C, C7, '1.8'!E:E), 0)+IFERROR(SUMIF('1.9'!C:C, C7, '1.9'!E:E), 0)+IFERROR(SUMIF('1.10'!C:C, C7, '1.10'!E:E), 0)+IFERROR(SUMIF('1.11'!C:C, C7, '1.11'!E:E), 0)+IFERROR(SUMIF('1.12'!C:C, C7, '1.12'!E:E), 0)+IFERROR(SUMIF('1.13'!C:C, C7, '1.13'!E:E), 0)+IFERROR(SUMIF('1.14'!C:C, C7, '1.14'!E:E), 0)+IFERROR(SUMIF('1.15'!C:C, C7, '1.15'!E:E), 0)+IFERROR(SUMIF('1.16'!C:C, C7, '1.16'!E:E), 0)+IFERROR(SUMIF('1.17'!C:C, C7, '1.17'!E:E), 0)+IFERROR(SUMIF('1.18'!C:C, C7, '1.18'!E:E), 0)+IFERROR(SUMIF('1.19'!C:C, C7, '1.19'!E:E), 0)+IFERROR(SUMIF('1.20'!C:C, C7, '1.20'!E:E), 0)+IFERROR(SUMIF('1.21'!C:C, C7, '1.21'!E:E), 0)+IFERROR(SUMIF('1.22'!C:C, C7, '1.22'!E:E), 0)+IFERROR(SUMIF('1.23'!C:C, C7, '1.23'!E:E), 0)+IFERROR(SUMIF('1.24'!C:C, C7, '1.24'!E:E), 0)+IFERROR(SUMIF('1.25'!C:C, C7, '1.25'!E:E), 0)+IFERROR(SUMIF('1.26'!C:C, C7, '1.26'!E:E), 0)+IFERROR(SUMIF('1.27'!C:C, C7, '1.27'!E:E), 0)+IFERROR(SUMIF('1.28'!C:C, C7, '1.28'!E:E), 0)+IFERROR(SUMIF('1.29'!C:C, C7, '1.29'!E:E), 0)+IFERROR(SUMIF('1.30'!C:C, C7, '1.30'!E:E), 0)+IFERROR(SUMIF('1.31'!C:C, C7, '1.31'!E:E), 0)+IFERROR(SUMIF('2.1'!C:C, C7, '2.1'!E:E), 0)+IFERROR(SUMIF('2.2'!C:C, C7, '2.2'!E:E), 0)+IFERROR(SUMIF('2.3'!C:C, C7, '2.3'!E:E), 0)+IFERROR(SUMIF('2.4'!C:C, C7, '2.4'!E:E), 0)+IFERROR(SUMIF('2.5'!C:C, C7, '2.5'!E:E), 0)+IFERROR(SUMIF('2.6'!C:C, C7, '2.6'!E:E), 0)+IFERROR(SUMIF('2.7'!C:C, C7, '2.7'!E:E), 0)+IFERROR(SUMIF('2.8'!C:C, C7, '2.8'!E:E), 0)+IFERROR(SUMIF('2.9'!C:C, C7, '2.9'!E:E), 0)+IFERROR(SUMIF('2.10'!C:C, C7, '2.10'!E:E), 0)+IFERROR(SUMIF('2.11'!C:C, C7, '2.11'!E:E), 0)+IFERROR(SUMIF('2.12'!C:C, C7, '2.12'!E:E), 0)+IFERROR(SUMIF('2.13'!C:C, C7, '2.13'!E:E), 0)+IFERROR(SUMIF('2.14'!C:C, C7, '2.14'!E:E), 0)+IFERROR(SUMIF('2.15'!C:C, C7, '2.15'!E:E), 0)+IFERROR(SUMIF('2.16'!C:C, C7, '2.16'!E:E), 0)+IFERROR(SUMIF('2.17'!C:C, C7, '2.17'!E:E), 0)+IFERROR(SUMIF('2.18'!C:C, C7, '2.18'!E:E), 0)+IFERROR(SUMIF('2.19'!C:C, C7, '2.19'!E:E), 0)+IFERROR(SUMIF('2.20'!C:C, C7, '2.20'!E:E), 0)+IFERROR(SUMIF('2.21'!C:C, C7, '2.21'!E:E), 0)+IFERROR(SUMIF('2.22'!C:C, C7, '2.22'!E:E), 0)+IFERROR(SUMIF('2.23'!C:C, C7, '2.23'!E:E), 0)+IFERROR(SUMIF('2.24'!C:C, C7, '2.24'!E:E), 0)+IFERROR(SUMIF('2.25'!C:C, C7, '2.25'!E:E), 0)+IFERROR(SUMIF('2.26'!C:C, C7, '2.26'!E:E), 0)+IFERROR(SUMIF('2.27'!C:C, C7, '2.27'!E:E), 0)+IFERROR(SUMIF('2.28'!C:C, C7, '2.28'!E:E), 0)+IFERROR(SUMIF('3.1'!C:C, C7, '3.1'!E:E), 0)+IFERROR(SUMIF('3.2'!C:C, C7, '3.2'!E:E), 0)+IFERROR(SUMIF('3.3'!C:C, C7, '3.3'!E:E), 0)+IFERROR(SUMIF('3.4'!C:C, C7, '3.4'!E:E), 0)+IFERROR(SUMIF('3.5'!C:C, C7, '3.5'!E:E), 0)+IFERROR(SUMIF('3.6'!C:C, C7, '3.6'!E:E), 0)+IFERROR(SUMIF('3.7'!C:C, C7, '3.7'!E:E), 0)+IFERROR(SUMIF('3.8'!C:C, C7, '3.8'!E:E), 0)+IFERROR(SUMIF('3.9'!C:C, C7, '3.9'!E:E), 0)+IFERROR(SUMIF('3.10'!C:C, C7, '3.10'!E:E), 0)+IFERROR(SUMIF('3.11'!C:C, C7, '3.11'!E:E), 0)+IFERROR(SUMIF('3.12'!C:C, C7, '3.12'!E:E), 0)+IFERROR(SUMIF('3.13'!C:C, C7, '3.13'!E:E), 0)+IFERROR(SUMIF('3.14'!C:C, C7, '3.14'!E:E), 0)+IFERROR(SUMIF('3.15'!C:C, C7, '3.15'!E:E), 0)+IFERROR(SUMIF('3.16'!C:C, C7, '3.16'!E:E), 0)+IFERROR(SUMIF('3.17'!C:C, C7, '3.17'!E:E), 0)+IFERROR(SUMIF('3.18'!C:C, C7, '3.18'!E:E), 0)+IFERROR(SUMIF('3.19'!C:C, C7, '3.19'!E:E), 0)+IFERROR(SUMIF('3.20'!C:C, C7, '3.20'!E:E), 0)+IFERROR(SUMIF('3.21'!C:C, C7, '3.21'!E:E), 0)+IFERROR(SUMIF('3.22'!C:C, C7, '3.22'!E:E), 0)+IFERROR(SUMIF('3.23'!C:C, C7, '3.23'!E:E), 0)+IFERROR(SUMIF('3.24'!C:C, C7, '3.24'!E:E), 0)+IFERROR(SUMIF('3.25'!C:C, C7, '3.25'!E:E), 0)+IFERROR(SUMIF('3.26'!C:C, C7, '3.26'!E:E), 0)+IFERROR(SUMIF('3.27'!C:C, C7, '3.27'!E:E), 0)+IFERROR(SUMIF('3.28'!C:C, C7, '3.28'!E:E), 0)+IFERROR(SUMIF('3.29'!C:C, C7, '3.29'!E:E), 0)+IFERROR(SUMIF('3.30'!C:C, C7, '3.30'!E:E), 0)+IFERROR(SUMIF('3.31'!C:C, C7, '3.31'!E:E), 0)+IFERROR(SUMIF('4.1'!C:C, C7, '4.1'!E:E), 0)+IFERROR(SUMIF('4.2'!C:C, C7, '4.2'!E:E), 0)+IFERROR(SUMIF('4.3'!C:C, C7, '4.3'!E:E), 0)+IFERROR(SUMIF('4.4'!C:C, C7, '4.4'!E:E), 0)+IFERROR(SUMIF('4.5'!C:C, C7, '4.5'!E:E), 0)+IFERROR(SUMIF('4.6'!C:C, C7, '4.6'!E:E), 0)+IFERROR(SUMIF('4.7'!C:C, C7, '4.7'!E:E), 0)+IFERROR(SUMIF('4.8'!C:C, C7, '4.8'!E:E), 0)+IFERROR(SUMIF('4.9'!C:C, C7, '4.9'!E:E), 0)+IFERROR(SUMIF('4.10'!C:C, C7, '4.10'!E:E), 0)+IFERROR(SUMIF('4.11'!C:C, C7, '4.11'!E:E), 0)+IFERROR(SUMIF('4.12'!C:C, C7, '4.12'!E:E), 0)+IFERROR(SUMIF('4.13'!C:C, C7, '4.13'!E:E), 0)+IFERROR(SUMIF('4.14'!C:C, C7, '4.14'!E:E), 0)+IFERROR(SUMIF('4.15'!C:C, C7, '4.15'!E:E), 0)+IFERROR(SUMIF('4.16'!C:C, C7, '4.16'!E:E), 0)+IFERROR(SUMIF('4.17'!C:C, C7, '4.17'!E:E), 0)+IFERROR(SUMIF('4.18'!C:C, C7, '4.18'!E:E), 0)+IFERROR(SUMIF('4.19'!C:C, C7, '4.19'!E:E), 0)+IFERROR(SUMIF('4.20'!C:C, C7, '4.20'!E:E), 0)+IFERROR(SUMIF('4.21'!C:C, C7, '4.21'!E:E), 0)+IFERROR(SUMIF('4.22'!C:C, C7, '4.22'!E:E), 0)+IFERROR(SUMIF('4.23'!C:C, C7, '4.23'!E:E), 0)+IFERROR(SUMIF('4.24'!C:C, C7, '4.24'!E:E), 0)+IFERROR(SUMIF('4.25'!C:C, C7, '4.25'!E:E), 0)+IFERROR(SUMIF('4.26'!C:C, C7, '4.26'!E:E), 0)+IFERROR(SUMIF('4.27'!C:C, C7, '4.27'!E:E), 0)+IFERROR(SUMIF('4.28'!C:C, C7, '4.28'!E:E), 0)+IFERROR(SUMIF('4.29'!C:C, C7, '4.29'!E:E), 0)+IFERROR(SUMIF('4.30'!C:C, C7, '4.30'!E:E), 0)+IFERROR(SUMIF('5.1'!C:C, C7, '5.1'!E:E), 0)+IFERROR(SUMIF('5.2'!C:C, C7, '5.2'!E:E), 0)+IFERROR(SUMIF('5.3'!C:C, C7, '5.3'!E:E), 0)+IFERROR(SUMIF('5.4'!C:C, C7, '5.4'!E:E), 0)+IFERROR(SUMIF('5.5'!C:C, C7, '5.5'!E:E), 0)+IFERROR(SUMIF('5.6'!C:C, C7, '5.6'!E:E), 0)+IFERROR(SUMIF('5.7'!C:C, C7, '5.7'!E:E), 0)+IFERROR(SUMIF('5.8'!C:C, C7, '5.8'!E:E), 0)+IFERROR(SUMIF('5.9'!C:C, C7, '5.9'!E:E), 0)+IFERROR(SUMIF('5.10'!C:C, C7, '5.10'!E:E), 0)+IFERROR(SUMIF('5.11'!C:C, C7, '5.11'!E:E), 0)+IFERROR(SUMIF('5.12'!C:C, C7, '5.12'!E:E), 0)+IFERROR(SUMIF('5.13'!C:C, C7, '5.13'!E:E), 0)+IFERROR(SUMIF('5.14'!C:C, C7, '5.14'!E:E), 0)+IFERROR(SUMIF('5.15'!C:C, C7, '5.15'!E:E), 0)+IFERROR(SUMIF('5.16'!C:C, C7, '5.16'!E:E), 0)+IFERROR(SUMIF('5.17'!C:C, C7, '5.17'!E:E), 0)+IFERROR(SUMIF('5.18'!C:C, C7, '5.18'!E:E), 0)+IFERROR(SUMIF('5.19'!C:C, C7, '5.19'!E:E), 0)+IFERROR(SUMIF('5.20'!C:C, C7, '5.20'!E:E), 0)+IFERROR(SUMIF('5.21'!C:C, C7, '5.21'!E:E), 0)+IFERROR(SUMIF('5.22'!C:C, C7, '5.22'!E:E), 0)+IFERROR(SUMIF('5.23'!C:C, C7, '5.23'!E:E), 0)+IFERROR(SUMIF('5.24'!C:C, C7, '5.24'!E:E), 0)+IFERROR(SUMIF('5.25'!C:C, C7, '5.25'!E:E), 0)+IFERROR(SUMIF('5.26'!C:C, C7, '5.26'!E:E), 0)+IFERROR(SUMIF('5.27'!C:C, C7, '5.27'!E:E), 0)+IFERROR(SUMIF('5.28'!C:C, C7, '5.28'!E:E), 0)+IFERROR(SUMIF('5.29'!C:C, C7, '5.29'!E:E), 0)+IFERROR(SUMIF('5.30'!C:C, C7, '5.30'!E:E), 0)+IFERROR(SUMIF('5.31'!C:C, C7, '5.31'!E:E), 0)+IFERROR(SUMIF('6.1'!C:C, C7, '6.1'!E:E), 0)+IFERROR(SUMIF('6.2'!C:C, C7, '6.2'!E:E), 0)+IFERROR(SUMIF('6.3'!C:C, C7, '6.3'!E:E), 0)+IFERROR(SUMIF('6.4'!C:C, C7, '6.4'!E:E), 0)+IFERROR(SUMIF('6.5'!C:C, C7, '6.5'!E:E), 0)+IFERROR(SUMIF('6.6'!C:C, C7, '6.6'!E:E), 0)+IFERROR(SUMIF('6.7'!C:C, C7, '6.7'!E:E), 0)+IFERROR(SUMIF('6.8'!C:C, C7, '6.8'!E:E), 0)+IFERROR(SUMIF('6.9'!C:C, C7, '6.9'!E:E), 0)+IFERROR(SUMIF('6.10'!C:C, C7, '6.10'!E:E), 0)+IFERROR(SUMIF('6.11'!C:C, C7, '6.11'!E:E), 0)+IFERROR(SUMIF('6.12'!C:C, C7, '6.12'!E:E), 0)+IFERROR(SUMIF('6.13'!C:C, C7, '6.13'!E:E), 0)+IFERROR(SUMIF('6.14'!C:C, C7, '6.14'!E:E), 0)+IFERROR(SUMIF('6.15'!C:C, C7, '6.15'!E:E), 0)+IFERROR(SUMIF('6.16'!C:C, C7, '6.16'!E:E), 0)+IFERROR(SUMIF('6.17'!C:C, C7, '6.17'!E:E), 0)+IFERROR(SUMIF('6.18'!C:C, C7, '6.18'!E:E), 0)+IFERROR(SUMIF('6.19'!C:C, C7, '6.19'!E:E), 0)+IFERROR(SUMIF('6.20'!C:C, C7, '6.20'!E:E), 0)+IFERROR(SUMIF('6.21'!C:C, C7, '6.21'!E:E), 0)+IFERROR(SUMIF('6.22'!C:C, C7, '6.22'!E:E), 0)+IFERROR(SUMIF('6.23'!C:C, C7, '6.23'!E:E), 0)+IFERROR(SUMIF('6.24'!C:C, C7, '6.24'!E:E), 0)+IFERROR(SUMIF('6.25'!C:C, C7, '6.25'!E:E), 0)+IFERROR(SUMIF('6.26'!C:C, C7, '6.26'!E:E), 0)+IFERROR(SUMIF('6.27'!C:C, C7, '6.27'!E:E), 0)+IFERROR(SUMIF('6.28'!C:C, C7, '6.28'!E:E), 0)+IFERROR(SUMIF('6.29'!C:C, C7, '6.29'!E:E), 0)+IFERROR(SUMIF('6.30'!C:C, C7, '6.30'!E:E), 0)+IFERROR(SUMIF('7.1'!C:C, C7, '7.1'!E:E), 0)+IFERROR(SUMIF('7.2'!C:C, C7, '7.2'!E:E), 0)+IFERROR(SUMIF('7.3'!C:C, C7, '7.3'!E:E), 0)+IFERROR(SUMIF('7.4'!C:C, C7, '7.4'!E:E), 0)+IFERROR(SUMIF('7.5'!C:C, C7, '7.5'!E:E), 0)+IFERROR(SUMIF('7.6'!C:C, C7, '7.6'!E:E), 0)+IFERROR(SUMIF('7.7'!C:C, C7, '7.7'!E:E), 0)+IFERROR(SUMIF('7.8'!C:C, C7, '7.8'!E:E), 0)+IFERROR(SUMIF('7.9'!C:C, C7, '7.9'!E:E), 0)+IFERROR(SUMIF('7.10'!C:C, C7, '7.10'!E:E), 0)+IFERROR(SUMIF('7.11'!C:C, C7, '7.11'!E:E), 0)+IFERROR(SUMIF('7.12'!C:C, C7, '7.12'!E:E), 0)+IFERROR(SUMIF('7.13'!C:C, C7, '7.13'!E:E), 0)+IFERROR(SUMIF('7.14'!C:C, C7, '7.14'!E:E), 0)+IFERROR(SUMIF('7.15'!C:C, C7, '7.15'!E:E), 0)+IFERROR(SUMIF('7.16'!C:C, C7, '7.16'!E:E), 0)+IFERROR(SUMIF('7.17'!C:C, C7, '7.17'!E:E), 0)+IFERROR(SUMIF('7.18'!C:C, C7, '7.18'!E:E), 0)+IFERROR(SUMIF('7.19'!C:C, C7, '7.19'!E:E), 0)+IFERROR(SUMIF('7.20'!C:C, C7, '7.20'!E:E), 0)+IFERROR(SUMIF('7.21'!C:C, C7, '7.21'!E:E), 0)+IFERROR(SUMIF('7.22'!C:C, C7, '7.22'!E:E), 0)+IFERROR(SUMIF('7.23'!C:C, C7, '7.23'!E:E), 0)+IFERROR(SUMIF('7.24'!C:C, C7, '7.24'!E:E), 0)+IFERROR(SUMIF('7.25'!C:C, C7, '7.25'!E:E), 0)+IFERROR(SUMIF('7.26'!C:C, C7, '7.26'!E:E), 0)+IFERROR(SUMIF('7.27'!C:C, C7, '7.27'!E:E), 0)+IFERROR(SUMIF('7.28'!C:C, C7, '7.28'!E:E), 0)+IFERROR(SUMIF('7.29'!C:C, C7, '7.29'!E:E), 0)+IFERROR(SUMIF('7.30'!C:C, C7, '7.30'!E:E), 0)+IFERROR(SUMIF('7.31'!C:C, C7, '7.31'!E:E), 0)+IFERROR(SUMIF('8.1'!C:C, C7, '8.1'!E:E), 0)+IFERROR(SUMIF('8.2'!C:C, C7, '8.2'!E:E), 0)+IFERROR(SUMIF('8.3'!C:C, C7, '8.3'!E:E), 0)+IFERROR(SUMIF('8.4'!C:C, C7, '8.4'!E:E), 0)+IFERROR(SUMIF('8.5'!C:C, C7, '8.5'!E:E), 0)+IFERROR(SUMIF('8.6'!C:C, C7, '8.6'!E:E), 0)+IFERROR(SUMIF('8.7'!C:C, C7, '8.7'!E:E), 0)+IFERROR(SUMIF('8.8'!C:C, C7, '8.8'!E:E), 0)+IFERROR(SUMIF('8.9'!C:C, C7, '8.9'!E:E), 0)+IFERROR(SUMIF('8.10'!C:C, C7, '8.10'!E:E), 0)+IFERROR(SUMIF('8.11'!C:C, C7, '8.11'!E:E), 0)+IFERROR(SUMIF('8.12'!C:C, C7, '8.12'!E:E), 0)+IFERROR(SUMIF('8.13'!C:C, C7, '8.13'!E:E), 0)+IFERROR(SUMIF('8.14'!C:C, C7, '8.14'!E:E), 0)+IFERROR(SUMIF('8.15'!C:C, C7, '8.15'!E:E), 0)+IFERROR(SUMIF('8.16'!C:C, C7, '8.16'!E:E), 0)+IFERROR(SUMIF('8.17'!C:C, C7, '8.17'!E:E), 0)+IFERROR(SUMIF('8.18'!C:C, C7, '8.18'!E:E), 0)+IFERROR(SUMIF('8.19'!C:C, C7, '8.19'!E:E), 0)+IFERROR(SUMIF('8.20'!C:C, C7, '8.20'!E:E), 0)+IFERROR(SUMIF('8.21'!C:C, C7, '8.21'!E:E), 0)+IFERROR(SUMIF('8.22'!C:C, C7, '8.22'!E:E), 0)+IFERROR(SUMIF('8.23'!C:C, C7, '8.23'!E:E), 0)+IFERROR(SUMIF('8.24'!C:C, C7, '8.24'!E:E), 0)+IFERROR(SUMIF('8.25'!C:C, C7, '8.25'!E:E), 0)+IFERROR(SUMIF('8.26'!C:C, C7, '8.26'!E:E), 0)+IFERROR(SUMIF('8.27'!C:C, C7, '8.27'!E:E), 0)+IFERROR(SUMIF('8.28'!C:C, C7, '8.28'!E:E), 0)+IFERROR(SUMIF('8.29'!C:C, C7, '8.29'!E:E), 0)+IFERROR(SUMIF('8.30'!C:C, C7, '8.30'!E:E), 0)+IFERROR(SUMIF('8.31'!C:C, C7, '8.31'!E:E), 0)+IFERROR(SUMIF('9.1'!C:C, C7, '9.1'!E:E), 0)+IFERROR(SUMIF('9.2'!C:C, C7, '9.2'!E:E), 0)+IFERROR(SUMIF('9.3'!C:C, C7, '9.3'!E:E), 0)+IFERROR(SUMIF('9.4'!C:C, C7, '9.4'!E:E), 0)+IFERROR(SUMIF('9.5'!C:C, C7, '9.5'!E:E), 0)+IFERROR(SUMIF('9.6'!C:C, C7, '9.6'!E:E), 0)+IFERROR(SUMIF('9.7'!C:C, C7, '9.7'!E:E), 0)+IFERROR(SUMIF('9.8'!C:C, C7, '9.8'!E:E), 0)+IFERROR(SUMIF('9.9'!C:C, C7, '9.9'!E:E), 0)+IFERROR(SUMIF('9.10'!C:C, C7, '9.10'!E:E), 0)+IFERROR(SUMIF('9.11'!C:C, C7, '9.11'!E:E), 0)+IFERROR(SUMIF('9.12'!C:C, C7, '9.12'!E:E), 0)+IFERROR(SUMIF('9.13'!C:C, C7, '9.13'!E:E), 0)+IFERROR(SUMIF('9.14'!C:C, C7, '9.14'!E:E), 0)+IFERROR(SUMIF('9.15'!C:C, C7, '9.15'!E:E), 0)+IFERROR(SUMIF('9.16'!C:C, C7, '9.16'!E:E), 0)+IFERROR(SUMIF('9.17'!C:C, C7, '9.17'!E:E), 0)+IFERROR(SUMIF('9.18'!C:C, C7, '9.18'!E:E), 0)+IFERROR(SUMIF('9.19'!C:C, C7, '9.19'!E:E), 0)+IFERROR(SUMIF('9.20'!C:C, C7, '9.20'!E:E), 0)+IFERROR(SUMIF('9.21'!C:C, C7, '9.21'!E:E), 0)+IFERROR(SUMIF('9.22'!C:C, C7, '9.22'!E:E), 0)+IFERROR(SUMIF('9.23'!C:C, C7, '9.23'!E:E), 0)+IFERROR(SUMIF('9.24'!C:C, C7, '9.24'!E:E), 0)+IFERROR(SUMIF('9.25'!C:C, C7, '9.25'!E:E), 0)+IFERROR(SUMIF('9.26'!C:C, C7, '9.26'!E:E), 0)+IFERROR(SUMIF('9.27'!C:C, C7, '9.27'!E:E), 0)+IFERROR(SUMIF('9.28'!C:C, C7, '9.28'!E:E), 0)+IFERROR(SUMIF('9.29'!C:C, C7, '9.29'!E:E), 0)+IFERROR(SUMIF('9.30'!C:C, C7, '9.30'!E:E), 0)+IFERROR(SUMIF('10.1'!C:C, C7, '10.1'!E:E), 0)+IFERROR(SUMIF('10.2'!C:C, C7, '10.2'!E:E), 0)+IFERROR(SUMIF('10.3'!C:C, C7, '10.3'!E:E), 0)+IFERROR(SUMIF('10.4'!C:C, C7, '10.4'!E:E), 0)+IFERROR(SUMIF('10.5'!C:C, C7, '10.5'!E:E), 0)+IFERROR(SUMIF('10.6'!C:C, C7, '10.6'!E:E), 0)+IFERROR(SUMIF('10.7'!C:C, C7, '10.7'!E:E), 0)+IFERROR(SUMIF('10.8'!C:C, C7, '10.8'!E:E), 0)+IFERROR(SUMIF('10.9'!C:C, C7, '10.9'!E:E), 0)+IFERROR(SUMIF('10.10'!C:C, C7, '10.10'!E:E), 0)+IFERROR(SUMIF('10.11'!C:C, C7, '10.11'!E:E), 0)+IFERROR(SUMIF('10.12'!C:C, C7, '10.12'!E:E), 0)+IFERROR(SUMIF('10.13'!C:C, C7, '10.13'!E:E), 0)+IFERROR(SUMIF('10.14'!C:C, C7, '10.14'!E:E), 0)+IFERROR(SUMIF('10.15'!C:C, C7, '10.15'!E:E), 0)+IFERROR(SUMIF('10.16'!C:C, C7, '10.16'!E:E), 0)+IFERROR(SUMIF('10.17'!C:C, C7, '10.17'!E:E), 0)+IFERROR(SUMIF('10.18'!C:C, C7, '10.18'!E:E), 0)+IFERROR(SUMIF('10.19'!C:C, C7, '10.19'!E:E), 0)+IFERROR(SUMIF('10.20'!C:C, C7, '10.20'!E:E), 0)+IFERROR(SUMIF('10.21'!C:C, C7, '10.21'!E:E), 0)+IFERROR(SUMIF('10.22'!C:C, C7, '10.22'!E:E), 0)+IFERROR(SUMIF('10.23'!C:C, C7, '10.23'!E:E), 0)+IFERROR(SUMIF('10.24'!C:C, C7, '10.24'!E:E), 0)+IFERROR(SUMIF('10.25'!C:C, C7, '10.25'!E:E), 0)+IFERROR(SUMIF('10.26'!C:C, C7, '10.26'!E:E), 0)+IFERROR(SUMIF('10.27'!C:C, C7, '10.27'!E:E), 0)+IFERROR(SUMIF('10.28'!C:C, C7, '10.28'!E:E), 0)+IFERROR(SUMIF('10.29'!C:C, C7, '10.29'!E:E), 0)+IFERROR(SUMIF('10.30'!C:C, C7, '10.30'!E:E), 0)+IFERROR(SUMIF('10.31'!C:C, C7, '10.31'!E:E), 0)+IFERROR(SUMIF('11.1'!C:C, C7, '11.1'!E:E), 0)+IFERROR(SUMIF('11.2'!C:C, C7, '11.2'!E:E), 0)+IFERROR(SUMIF('11.3'!C:C, C7, '11.3'!E:E), 0)+IFERROR(SUMIF('11.4'!C:C, C7, '11.4'!E:E), 0)+IFERROR(SUMIF('11.5'!C:C, C7, '11.5'!E:E), 0)+IFERROR(SUMIF('11.6'!C:C, C7, '11.6'!E:E), 0)+IFERROR(SUMIF('11.7'!C:C, C7, '11.7'!E:E), 0)+IFERROR(SUMIF('11.8'!C:C, C7, '11.8'!E:E), 0)+IFERROR(SUMIF('11.9'!C:C, C7, '11.9'!E:E), 0)+IFERROR(SUMIF('11.10'!C:C, C7, '11.10'!E:E), 0)+IFERROR(SUMIF('11.11'!C:C, C7, '11.11'!E:E), 0)+IFERROR(SUMIF('11.12'!C:C, C7, '11.12'!E:E), 0)+IFERROR(SUMIF('11.13'!C:C, C7, '11.13'!E:E), 0)+IFERROR(SUMIF('11.14'!C:C, C7, '11.14'!E:E), 0)+IFERROR(SUMIF('11.15'!C:C, C7, '11.15'!E:E), 0)+IFERROR(SUMIF('11.16'!C:C, C7, '11.16'!E:E), 0)+IFERROR(SUMIF('11.17'!C:C, C7, '11.17'!E:E), 0)+IFERROR(SUMIF('11.18'!C:C, C7, '11.18'!E:E), 0)+IFERROR(SUMIF('11.19'!C:C, C7, '11.19'!E:E), 0)+IFERROR(SUMIF('11.20'!C:C, C7, '11.20'!E:E), 0)+IFERROR(SUMIF('11.21'!C:C, C7, '11.21'!E:E), 0)+IFERROR(SUMIF('11.22'!C:C, C7, '11.22'!E:E), 0)+IFERROR(SUMIF('11.23'!C:C, C7, '11.23'!E:E), 0)+IFERROR(SUMIF('11.24'!C:C, C7, '11.24'!E:E), 0)+IFERROR(SUMIF('11.25'!C:C, C7, '11.25'!E:E), 0)+IFERROR(SUMIF('11.26'!C:C, C7, '11.26'!E:E), 0)+IFERROR(SUMIF('11.27'!C:C, C7, '11.27'!E:E), 0)+IFERROR(SUMIF('11.28'!C:C, C7, '11.28'!E:E), 0)+IFERROR(SUMIF('11.29'!C:C, C7, '11.29'!E:E), 0)+IFERROR(SUMIF('11.30'!C:C, C7, '11.30'!E:E), 0)+IFERROR(SUMIF('12.1'!C:C, C7, '12.1'!E:E), 0)+IFERROR(SUMIF('12.2'!C:C, C7, '12.2'!E:E), 0)+IFERROR(SUMIF('12.3'!C:C, C7, '12.3'!E:E), 0)+IFERROR(SUMIF('12.4'!C:C, C7, '12.4'!E:E), 0)+IFERROR(SUMIF('12.5'!C:C, C7, '12.5'!E:E), 0)+IFERROR(SUMIF('12.6'!C:C, C7, '12.6'!E:E), 0)+IFERROR(SUMIF('12.7'!C:C, C7, '12.7'!E:E), 0)+IFERROR(SUMIF('12.8'!C:C, C7, '12.8'!E:E), 0)+IFERROR(SUMIF('12.9'!C:C, C7, '12.9'!E:E), 0)+IFERROR(SUMIF('12.10'!C:C, C7, '12.10'!E:E), 0)+IFERROR(SUMIF('12.11'!C:C, C7, '12.11'!E:E), 0)+IFERROR(SUMIF('12.12'!C:C, C7, '12.12'!E:E), 0)+IFERROR(SUMIF('12.13'!C:C, C7, '12.13'!E:E), 0)+IFERROR(SUMIF('12.14'!C:C, C7, '12.14'!E:E), 0)+IFERROR(SUMIF('12.15'!C:C, C7, '12.15'!E:E), 0)+IFERROR(SUMIF('12.16'!C:C, C7, '12.16'!E:E), 0)+IFERROR(SUMIF('12.17'!C:C, C7, '12.17'!E:E), 0)+IFERROR(SUMIF('12.18'!C:C, C7, '12.18'!E:E), 0)+IFERROR(SUMIF('12.19'!C:C, C7, '12.19'!E:E), 0)+IFERROR(SUMIF('12.20'!C:C, C7, '12.20'!E:E), 0)+IFERROR(SUMIF('12.21'!C:C, C7, '12.21'!E:E), 0)+IFERROR(SUMIF('12.22'!C:C, C7, '12.22'!E:E), 0)+IFERROR(SUMIF('12.23'!C:C, C7, '12.23'!E:E), 0)+IFERROR(SUMIF('12.24'!C:C, C7, '12.24'!E:E), 0)+IFERROR(SUMIF('12.25'!C:C, C7, '12.25'!E:E), 0)+IFERROR(SUMIF('12.26'!C:C, C7, '12.26'!E:E), 0)+IFERROR(SUMIF('12.27'!C:C, C7, '12.27'!E:E), 0)+IFERROR(SUMIF('12.28'!C:C, C7, '12.28'!E:E), 0)+IFERROR(SUMIF('12.29'!C:C, C7, '12.29'!E:E), 0)+IFERROR(SUMIF('12.30'!C:C, C7, '12.30'!E:E), 0)+IFERROR(SUMIF('12.31'!C:C, C7, '12.31'!E:E), 0) -> 0 | G7: =IFERROR(SUMIF('1.1'!C:C, C7, '1.1'!G:G), 0)+IFERROR(SUMIF('1.2'!C:C, C7, '1.2'!G:G), 0)+IFERROR(SUMIF('1.3'!C:C, C7, '1.3'!G:G), 0)+IFERROR(SUMIF('1.4'!C:C, C7, '1.4'!G:G), 0)+IFERROR(SUMIF('1.5'!C:C, C7, '1.5'!G:G), 0)+IFERROR(SUMIF('1.6'!C:C, C7, '1.6'!G:G), 0)+IFERROR(SUMIF('1.7'!C:C, C7, '1.7'!G:G), 0)+IFERROR(SUMIF('1.8'!C:C, C7, '1.8'!G:G), 0)+IFERROR(SUMIF('1.9'!C:C, C7, '1.9'!G:G), 0)+IFERROR(SUMIF('1.10'!C:C, C7, '1.10'!G:G), 0)+IFERROR(SUMIF('1.11'!C:C, C7, '1.11'!G:G), 0)+IFERROR(SUMIF('1.12'!C:C, C7, '1.12'!G:G), 0)+IFERROR(SUMIF('1.13'!C:C, C7, '1.13'!G:G), 0)+IFERROR(SUMIF('1.14'!C:C, C7, '1.14'!G:G), 0)+IFERROR(SUMIF('1.15'!C:C, C7, '1.15'!G:G), 0)+IFERROR(SUMIF('1.16'!C:C, C7, '1.16'!G:G), 0)+IFERROR(SUMIF('1.17'!C:C, C7, '1.17'!G:G), 0)+IFERROR(SUMIF('1.18'!C:C, C7, '1.18'!G:G), 0)+IFERROR(SUMIF('1.19'!C:C, C7, '1.19'!G:G), 0)+IFERROR(SUMIF('1.20'!C:C, C7, '1.20'!G:G), 0)+IFERROR(SUMIF('1.21'!C:C, C7, '1.21'!G:G), 0)+IFERROR(SUMIF('1.22'!C:C, C7, '1.22'!G:G), 0)+IFERROR(SUMIF('1.23'!C:C, C7, '1.23'!G:G), 0)+IFERROR(SUMIF('1.24'!C:C, C7, '1.24'!G:G), 0)+IFERROR(SUMIF('1.25'!C:C, C7, '1.25'!G:G), 0)+IFERROR(SUMIF('1.26'!C:C, C7, '1.26'!G:G), 0)+IFERROR(SUMIF('1.27'!C:C, C7, '1.27'!G:G), 0)+IFERROR(SUMIF('1.28'!C:C, C7, '1.28'!G:G), 0)+IFERROR(SUMIF('1.29'!C:C, C7, '1.29'!G:G), 0)+IFERROR(SUMIF('1.30'!C:C, C7, '1.30'!G:G), 0)+IFERROR(SUMIF('1.31'!C:C, C7, '1.31'!G:G), 0)+IFERROR(SUMIF('2.1'!C:C, C7, '2.1'!G:G), 0)+IFERROR(SUMIF('2.2'!C:C, C7, '2.2'!G:G), 0)+IFERROR(SUMIF('2.3'!C:C, C7, '2.3'!G:G), 0)+IFERROR(SUMIF('2.4'!C:C, C7, '2.4'!G:G), 0)+IFERROR(SUMIF('2.5'!C:C, C7, '2.5'!G:G), 0)+IFERROR(SUMIF('2.6'!C:C, C7, '2.6'!G:G), 0)+IFERROR(SUMIF('2.7'!C:C, C7, '2.7'!G:G), 0)+IFERROR(SUMIF('2.8'!C:C, C7, '2.8'!G:G), 0)+IFERROR(SUMIF('2.9'!C:C, C7, '2.9'!G:G), 0)+IFERROR(SUMIF('2.10'!C:C, C7, '2.10'!G:G), 0)+IFERROR(SUMIF('2.11'!C:C, C7, '2.11'!G:G), 0)+IFERROR(SUMIF('2.12'!C:C, C7, '2.12'!G:G), 0)+IFERROR(SUMIF('2.13'!C:C, C7, '2.13'!G:G), 0)+IFERROR(SUMIF('2.14'!C:C, C7, '2.14'!G:G), 0)+IFERROR(SUMIF('2.15'!C:C, C7, '2.15'!G:G), 0)+IFERROR(SUMIF('2.16'!C:C, C7, '2.16'!G:G), 0)+IFERROR(SUMIF('2.17'!C:C, C7, '2.17'!G:G), 0)+IFERROR(SUMIF('2.18'!C:C, C7, '2.18'!G:G), 0)+IFERROR(SUMIF('2.19'!C:C, C7, '2.19'!G:G), 0)+IFERROR(SUMIF('2.20'!C:C, C7, '2.20'!G:G), 0)+IFERROR(SUMIF('2.21'!C:C, C7, '2.21'!G:G), 0)+IFERROR(SUMIF('2.22'!C:C, C7, '2.22'!G:G), 0)+IFERROR(SUMIF('2.23'!C:C, C7, '2.23'!G:G), 0)+IFERROR(SUMIF('2.24'!C:C, C7, '2.24'!G:G), 0)+IFERROR(SUMIF('2.25'!C:C, C7, '2.25'!G:G), 0)+IFERROR(SUMIF('2.26'!C:C, C7, '2.26'!G:G), 0)+IFERROR(SUMIF('2.27'!C:C, C7, '2.27'!G:G), 0)+IFERROR(SUMIF('2.28'!C:C, C7, '2.28'!G:G), 0)+IFERROR(SUMIF('3.1'!C:C, C7, '3.1'!G:G), 0)+IFERROR(SUMIF('3.2'!C:C, C7, '3.2'!G:G), 0)+IFERROR(SUMIF('3.3'!C:C, C7, '3.3'!G:G), 0)+IFERROR(SUMIF('3.4'!C:C, C7, '3.4'!G:G), 0)+IFERROR(SUMIF('3.5'!C:C, C7, '3.5'!G:G), 0)+IFERROR(SUMIF('3.6'!C:C, C7, '3.6'!G:G), 0)+IFERROR(SUMIF('3.7'!C:C, C7, '3.7'!G:G), 0)+IFERROR(SUMIF('3.8'!C:C, C7, '3.8'!G:G), 0)+IFERROR(SUMIF('3.9'!C:C, C7, '3.9'!G:G), 0)+IFERROR(SUMIF('3.10'!C:C, C7, '3.10'!G:G), 0)+IFERROR(SUMIF('3.11'!C:C, C7, '3.11'!G:G), 0)+IFERROR(SUMIF('3.12'!C:C, C7, '3.12'!G:G), 0)+IFERROR(SUMIF('3.13'!C:C, C7, '3.13'!G:G), 0)+IFERROR(SUMIF('3.14'!C:C, C7, '3.14'!G:G), 0)+IFERROR(SUMIF('3.15'!C:C, C7, '3.15'!G:G), 0)+IFERROR(SUMIF('3.16'!C:C, C7, '3.16'!G:G), 0)+IFERROR(SUMIF('3.17'!C:C, C7, '3.17'!G:G), 0)+IFERROR(SUMIF('3.18'!C:C, C7, '3.18'!G:G), 0)+IFERROR(SUMIF('3.19'!C:C, C7, '3.19'!G:G), 0)+IFERROR(SUMIF('3.20'!C:C, C7, '3.20'!G:G), 0)+IFERROR(SUMIF('3.21'!C:C, C7, '3.21'!G:G), 0)+IFERROR(SUMIF('3.22'!C:C, C7, '3.22'!G:G), 0)+IFERROR(SUMIF('3.23'!C:C, C7, '3.23'!G:G), 0)+IFERROR(SUMIF('3.24'!C:C, C7, '3.24'!G:G), 0)+IFERROR(SUMIF('3.25'!C:C, C7, '3.25'!G:G), 0)+IFERROR(SUMIF('3.26'!C:C, C7, '3.26'!G:G), 0)+IFERROR(SUMIF('3.27'!C:C, C7, '3.27'!G:G), 0)+IFERROR(SUMIF('3.28'!C:C, C7, '3.28'!G:G), 0)+IFERROR(SUMIF('3.29'!C:C, C7, '3.29'!G:G), 0)+IFERROR(SUMIF('3.30'!C:C, C7, '3.30'!G:G), 0)+IFERROR(SUMIF('3.31'!C:C, C7, '3.31'!G:G), 0)+IFERROR(SUMIF('4.1'!C:C, C7, '4.1'!G:G), 0)+IFERROR(SUMIF('4.2'!C:C, C7, '4.2'!G:G), 0)+IFERROR(SUMIF('4.3'!C:C, C7, '4.3'!G:G), 0)+IFERROR(SUMIF('4.4'!C:C, C7, '4.4'!G:G), 0)+IFERROR(SUMIF('4.5'!C:C, C7, '4.5'!G:G), 0)+IFERROR(SUMIF('4.6'!C:C, C7, '4.6'!G:G), 0)+IFERROR(SUMIF('4.7'!C:C, C7, '4.7'!G:G), 0)+IFERROR(SUMIF('4.8'!C:C, C7, '4.8'!G:G), 0)+IFERROR(SUMIF('4.9'!C:C, C7, '4.9'!G:G), 0)+IFERROR(SUMIF('4.10'!C:C, C7, '4.10'!G:G), 0)+IFERROR(SUMIF('4.11'!C:C, C7, '4.11'!G:G), 0)+IFERROR(SUMIF('4.12'!C:C, C7, '4.12'!G:G), 0)+IFERROR(SUMIF('4.13'!C:C, C7, '4.13'!G:G), 0)+IFERROR(SUMIF('4.14'!C:C, C7, '4.14'!G:G), 0)+IFERROR(SUMIF('4.15'!C:C, C7, '4.15'!G:G), 0)+IFERROR(SUMIF('4.16'!C:C, C7, '4.16'!G:G), 0)+IFERROR(SUMIF('4.17'!C:C, C7, '4.17'!G:G), 0)+IFERROR(SUMIF('4.18'!C:C, C7, '4.18'!G:G), 0)+IFERROR(SUMIF('4.19'!C:C, C7, '4.19'!G:G), 0)+IFERROR(SUMIF('4.20'!C:C, C7, '4.20'!G:G), 0)+IFERROR(SUMIF('4.21'!C:C, C7, '4.21'!G:G), 0)+IFERROR(SUMIF('4.22'!C:C, C7, '4.22'!G:G), 0)+IFERROR(SUMIF('4.23'!C:C, C7, '4.23'!G:G), 0)+IFERROR(SUMIF('4.24'!C:C, C7, '4.24'!G:G), 0)+IFERROR(SUMIF('4.25'!C:C, C7, '4.25'!G:G), 0)+IFERROR(SUMIF('4.26'!C:C, C7, '4.26'!G:G), 0)+IFERROR(SUMIF('4.27'!C:C, C7, '4.27'!G:G), 0)+IFERROR(SUMIF('4.28'!C:C, C7, '4.28'!G:G), 0)+IFERROR(SUMIF('4.29'!C:C, C7, '4.29'!G:G), 0)+IFERROR(SUMIF('4.30'!C:C, C7, '4.30'!G:G), 0)+IFERROR(SUMIF('5.1'!C:C, C7, '5.1'!G:G), 0)+IFERROR(SUMIF('5.2'!C:C, C7, '5.2'!G:G), 0)+IFERROR(SUMIF('5.3'!C:C, C7, '5.3'!G:G), 0)+IFERROR(SUMIF('5.4'!C:C, C7, '5.4'!G:G), 0)+IFERROR(SUMIF('5.5'!C:C, C7, '5.5'!G:G), 0)+IFERROR(SUMIF('5.6'!C:C, C7, '5.6'!G:G), 0)+IFERROR(SUMIF('5.7'!C:C, C7, '5.7'!G:G), 0)+IFERROR(SUMIF('5.8'!C:C, C7, '5.8'!G:G), 0)+IFERROR(SUMIF('5.9'!C:C, C7, '5.9'!G:G), 0)+IFERROR(SUMIF('5.10'!C:C, C7, '5.10'!G:G), 0)+IFERROR(SUMIF('5.11'!C:C, C7, '5.11'!G:G), 0)+IFERROR(SUMIF('5.12'!C:C, C7, '5.12'!G:G), 0)+IFERROR(SUMIF('5.13'!C:C, C7, '5.13'!G:G), 0)+IFERROR(SUMIF('5.14'!C:C, C7, '5.14'!G:G), 0)+IFERROR(SUMIF('5.15'!C:C, C7, '5.15'!G:G), 0)+IFERROR(SUMIF('5.16'!C:C, C7, '5.16'!G:G), 0)+IFERROR(SUMIF('5.17'!C:C, C7, '5.17'!G:G), 0)+IFERROR(SUMIF('5.18'!C:C, C7, '5.18'!G:G), 0)+IFERROR(SUMIF('5.19'!C:C, C7, '5.19'!G:G), 0)+IFERROR(SUMIF('5.20'!C:C, C7, '5.20'!G:G), 0)+IFERROR(SUMIF('5.21'!C:C, C7, '5.21'!G:G), 0)+IFERROR(SUMIF('5.22'!C:C, C7, '5.22'!G:G), 0)+IFERROR(SUMIF('5.23'!C:C, C7, '5.23'!G:G), 0)+IFERROR(SUMIF('5.24'!C:C, C7, '5.24'!G:G), 0)+IFERROR(SUMIF('5.25'!C:C, C7, '5.25'!G:G), 0)+IFERROR(SUMIF('5.26'!C:C, C7, '5.26'!G:G), 0)+IFERROR(SUMIF('5.27'!C:C, C7, '5.27'!G:G), 0)+IFERROR(SUMIF('5.28'!C:C, C7, '5.28'!G:G), 0)+IFERROR(SUMIF('5.29'!C:C, C7, '5.29'!G:G), 0)+IFERROR(SUMIF('5.30'!C:C, C7, '5.30'!G:G), 0)+IFERROR(SUMIF('5.31'!C:C, C7, '5.31'!G:G), 0)+IFERROR(SUMIF('6.1'!C:C, C7, '6.1'!G:G), 0)+IFERROR(SUMIF('6.2'!C:C, C7, '6.2'!G:G), 0)+IFERROR(SUMIF('6.3'!C:C, C7, '6.3'!G:G), 0)+IFERROR(SUMIF('6.4'!C:C, C7, '6.4'!G:G), 0)+IFERROR(SUMIF('6.5'!C:C, C7, '6.5'!G:G), 0)+IFERROR(SUMIF('6.6'!C:C, C7, '6.6'!G:G), 0)+IFERROR(SUMIF('6.7'!C:C, C7, '6.7'!G:G), 0)+IFERROR(SUMIF('6.8'!C:C, C7, '6.8'!G:G), 0)+IFERROR(SUMIF('6.9'!C:C, C7, '6.9'!G:G), 0)+IFERROR(SUMIF('6.10'!C:C, C7, '6.10'!G:G), 0)+IFERROR(SUMIF('6.11'!C:C, C7, '6.11'!G:G), 0)+IFERROR(SUMIF('6.12'!C:C, C7, '6.12'!G:G), 0)+IFERROR(SUMIF('6.13'!C:C, C7, '6.13'!G:G), 0)+IFERROR(SUMIF('6.14'!C:C, C7, '6.14'!G:G), 0)+IFERROR(SUMIF('6.15'!C:C, C7, '6.15'!G:G), 0)+IFERROR(SUMIF('6.16'!C:C, C7, '6.16'!G:G), 0)+IFERROR(SUMIF('6.17'!C:C, C7, '6.17'!G:G), 0)+IFERROR(SUMIF('6.18'!C:C, C7, '6.18'!G:G), 0)+IFERROR(SUMIF('6.19'!C:C, C7, '6.19'!G:G), 0)+IFERROR(SUMIF('6.20'!C:C, C7, '6.20'!G:G), 0)+IFERROR(SUMIF('6.21'!C:C, C7, '6.21'!G:G), 0)+IFERROR(SUMIF('6.22'!C:C, C7, '6.22'!G:G), 0)+IFERROR(SUMIF('6.23'!C:C, C7, '6.23'!G:G), 0)+IFERROR(SUMIF('6.24'!C:C, C7, '6.24'!G:G), 0)+IFERROR(SUMIF('6.25'!C:C, C7, '6.25'!G:G), 0)+IFERROR(SUMIF('6.26'!C:C, C7, '6.26'!G:G), 0)+IFERROR(SUMIF('6.27'!C:C, C7, '6.27'!G:G), 0)+IFERROR(SUMIF('6.28'!C:C, C7, '6.28'!G:G), 0)+IFERROR(SUMIF('6.29'!C:C, C7, '6.29'!G:G), 0)+IFERROR(SUMIF('6.30'!C:C, C7, '6.30'!G:G), 0)+IFERROR(SUMIF('7.1'!C:C, C7, '7.1'!G:G), 0)+IFERROR(SUMIF('7.2'!C:C, C7, '7.2'!G:G), 0)+IFERROR(SUMIF('7.3'!C:C, C7, '7.3'!G:G), 0)+IFERROR(SUMIF('7.4'!C:C, C7, '7.4'!G:G), 0)+IFERROR(SUMIF('7.5'!C:C, C7, '7.5'!G:G), 0)+IFERROR(SUMIF('7.6'!C:C, C7, '7.6'!G:G), 0)+IFERROR(SUMIF('7.7'!C:C, C7, '7.7'!G:G), 0)+IFERROR(SUMIF('7.8'!C:C, C7, '7.8'!G:G), 0)+IFERROR(SUMIF('7.9'!C:C, C7, '7.9'!G:G), 0)+IFERROR(SUMIF('7.10'!C:C, C7, '7.10'!G:G), 0)+IFERROR(SUMIF('7.11'!C:C, C7, '7.11'!G:G), 0)+IFERROR(SUMIF('7.12'!C:C, C7, '7.12'!G:G), 0)+IFERROR(SUMIF('7.13'!C:C, C7, '7.13'!G:G), 0)+IFERROR(SUMIF('7.14'!C:C, C7, '7.14'!G:G), 0)+IFERROR(SUMIF('7.15'!C:C, C7, '7.15'!G:G), 0)+IFERROR(SUMIF('7.16'!C:C, C7, '7.16'!G:G), 0)+IFERROR(SUMIF('7.17'!C:C, C7, '7.17'!G:G), 0)+IFERROR(SUMIF('7.18'!C:C, C7, '7.18'!G:G), 0)+IFERROR(SUMIF('7.19'!C:C, C7, '7.19'!G:G), 0)+IFERROR(SUMIF('7.20'!C:C, C7, '7.20'!G:G), 0)+IFERROR(SUMIF('7.21'!C:C, C7, '7.21'!G:G), 0)+IFERROR(SUMIF('7.22'!C:C, C7, '7.22'!G:G), 0)+IFERROR(SUMIF('7.23'!C:C, C7, '7.23'!G:G), 0)+IFERROR(SUMIF('7.24'!C:C, C7, '7.24'!G:G), 0)+IFERROR(SUMIF('7.25'!C:C, C7, '7.25'!G:G), 0)+IFERROR(SUMIF('7.26'!C:C, C7, '7.26'!G:G), 0)+IFERROR(SUMIF('7.27'!C:C, C7, '7.27'!G:G), 0)+IFERROR(SUMIF('7.28'!C:C, C7, '7.28'!G:G), 0)+IFERROR(SUMIF('7.29'!C:C, C7, '7.29'!G:G), 0)+IFERROR(SUMIF('7.30'!C:C, C7, '7.30'!G:G), 0)+IFERROR(SUMIF('7.31'!C:C, C7, '7.31'!G:G), 0)+IFERROR(SUMIF('8.1'!C:C, C7, '8.1'!G:G), 0)+IFERROR(SUMIF('8.2'!C:C, C7, '8.2'!G:G), 0)+IFERROR(SUMIF('8.3'!C:C, C7, '8.3'!G:G), 0)+IFERROR(SUMIF('8.4'!C:C, C7, '8.4'!G:G), 0)+IFERROR(SUMIF('8.5'!C:C, C7, '8.5'!G:G), 0)+IFERROR(SUMIF('8.6'!C:C, C7, '8.6'!G:G), 0)+IFERROR(SUMIF('8.7'!C:C, C7, '8.7'!G:G), 0)+IFERROR(SUMIF('8.8'!C:C, C7, '8.8'!G:G), 0)+IFERROR(SUMIF('8.9'!C:C, C7, '8.9'!G:G), 0)+IFERROR(SUMIF('8.10'!C:C, C7, '8.10'!G:G), 0)+IFERROR(SUMIF('8.11'!C:C, C7, '8.11'!G:G), 0)+IFERROR(SUMIF('8.12'!C:C, C7, '8.12'!G:G), 0)+IFERROR(SUMIF('8.13'!C:C, C7, '8.13'!G:G), 0)+IFERROR(SUMIF('8.14'!C:C, C7, '8.14'!G:G), 0)+IFERROR(SUMIF('8.15'!C:C, C7, '8.15'!G:G), 0)+IFERROR(SUMIF('8.16'!C:C, C7, '8.16'!G:G), 0)+IFERROR(SUMIF('8.17'!C:C, C7, '8.17'!G:G), 0)+IFERROR(SUMIF('8.18'!C:C, C7, '8.18'!G:G), 0)+IFERROR(SUMIF('8.19'!C:C, C7, '8.19'!G:G), 0)+IFERROR(SUMIF('8.20'!C:C, C7, '8.20'!G:G), 0)+IFERROR(SUMIF('8.21'!C:C, C7, '8.21'!G:G), 0)+IFERROR(SUMIF('8.22'!C:C, C7, '8.22'!G:G), 0)+IFERROR(SUMIF('8.23'!C:C, C7, '8.23'!G:G), 0)+IFERROR(SUMIF('8.24'!C:C, C7, '8.24'!G:G), 0)+IFERROR(SUMIF('8.25'!C:C, C7, '8.25'!G:G), 0)+IFERROR(SUMIF('8.26'!C:C, C7, '8.26'!G:G), 0)+IFERROR(SUMIF('8.27'!C:C, C7, '8.27'!G:G), 0)+IFERROR(SUMIF('8.28'!C:C, C7, '8.28'!G:G), 0)+IFERROR(SUMIF('8.29'!C:C, C7, '8.29'!G:G), 0)+IFERROR(SUMIF('8.30'!C:C, C7, '8.30'!G:G), 0)+IFERROR(SUMIF('8.31'!C:C, C7, '8.31'!G:G), 0)+IFERROR(SUMIF('9.1'!C:C, C7, '9.1'!G:G), 0)+IFERROR(SUMIF('9.2'!C:C, C7, '9.2'!G:G), 0)+IFERROR(SUMIF('9.3'!C:C, C7, '9.3'!G:G), 0)+IFERROR(SUMIF('9.4'!C:C, C7, '9.4'!G:G), 0)+IFERROR(SUMIF('9.5'!C:C, C7, '9.5'!G:G), 0)+IFERROR(SUMIF('9.6'!C:C, C7, '9.6'!G:G), 0)+IFERROR(SUMIF('9.7'!C:C, C7, '9.7'!G:G), 0)+IFERROR(SUMIF('9.8'!C:C, C7, '9.8'!G:G), 0)+IFERROR(SUMIF('9.9'!C:C, C7, '9.9'!G:G), 0)+IFERROR(SUMIF('9.10'!C:C, C7, '9.10'!G:G), 0)+IFERROR(SUMIF('9.11'!C:C, C7, '9.11'!G:G), 0)+IFERROR(SUMIF('9.12'!C:C, C7, '9.12'!G:G), 0)+IFERROR(SUMIF('9.13'!C:C, C7, '9.13'!G:G), 0)+IFERROR(SUMIF('9.14'!C:C, C7, '9.14'!G:G), 0)+IFERROR(SUMIF('9.15'!C:C, C7, '9.15'!G:G), 0)+IFERROR(SUMIF('9.16'!C:C, C7, '9.16'!G:G), 0)+IFERROR(SUMIF('9.17'!C:C, C7, '9.17'!G:G), 0)+IFERROR(SUMIF('9.18'!C:C, C7, '9.18'!G:G), 0)+IFERROR(SUMIF('9.19'!C:C, C7, '9.19'!G:G), 0)+IFERROR(SUMIF('9.20'!C:C, C7, '9.20'!G:G), 0)+IFERROR(SUMIF('9.21'!C:C, C7, '9.21'!G:G), 0)+IFERROR(SUMIF('9.22'!C:C, C7, '9.22'!G:G), 0)+IFERROR(SUMIF('9.23'!C:C, C7, '9.23'!G:G), 0)+IFERROR(SUMIF('9.24'!C:C, C7, '9.24'!G:G), 0)+IFERROR(SUMIF('9.25'!C:C, C7, '9.25'!G:G), 0)+IFERROR(SUMIF('9.26'!C:C, C7, '9.26'!G:G), 0)+IFERROR(SUMIF('9.27'!C:C, C7, '9.27'!G:G), 0)+IFERROR(SUMIF('9.28'!C:C, C7, '9.28'!G:G), 0)+IFERROR(SUMIF('9.29'!C:C, C7, '9.29'!G:G), 0)+IFERROR(SUMIF('9.30'!C:C, C7, '9.30'!G:G), 0)+IFERROR(SUMIF('10.1'!C:C, C7, '10.1'!G:G), 0)+IFERROR(SUMIF('10.2'!C:C, C7, '10.2'!G:G), 0)+IFERROR(SUMIF('10.3'!C:C, C7, '10.3'!G:G), 0)+IFERROR(SUMIF('10.4'!C:C, C7, '10.4'!G:G), 0)+IFERROR(SUMIF('10.5'!C:C, C7, '10.5'!G:G), 0)+IFERROR(SUMIF('10.6'!C:C, C7, '10.6'!G:G), 0)+IFERROR(SUMIF('10.7'!C:C, C7, '10.7'!G:G), 0)+IFERROR(SUMIF('10.8'!C:C, C7, '10.8'!G:G), 0)+IFERROR(SUMIF('10.9'!C:C, C7, '10.9'!G:G), 0)+IFERROR(SUMIF('10.10'!C:C, C7, '10.10'!G:G), 0)+IFERROR(SUMIF('10.11'!C:C, C7, '10.11'!G:G), 0)+IFERROR(SUMIF('10.12'!C:C, C7, '10.12'!G:G), 0)+IFERROR(SUMIF('10.13'!C:C, C7, '10.13'!G:G), 0)+IFERROR(SUMIF('10.14'!C:C, C7, '10.14'!G:G), 0)+IFERROR(SUMIF('10.15'!C:C, C7, '10.15'!G:G), 0)+IFERROR(SUMIF('10.16'!C:C, C7, '10.16'!G:G), 0)+IFERROR(SUMIF('10.17'!C:C, C7, '10.17'!G:G), 0)+IFERROR(SUMIF('10.18'!C:C, C7, '10.18'!G:G), 0)+IFERROR(SUMIF('10.19'!C:C, C7, '10.19'!G:G), 0)+IFERROR(SUMIF('10.20'!C:C, C7, '10.20'!G:G), 0)+IFERROR(SUMIF('10.21'!C:C, C7, '10.21'!G:G), 0)+IFERROR(SUMIF('10.22'!C:C, C7, '10.22'!G:G), 0)+IFERROR(SUMIF('10.23'!C:C, C7, '10.23'!G:G), 0)+IFERROR(SUMIF('10.24'!C:C, C7, '10.24'!G:G), 0)+IFERROR(SUMIF('10.25'!C:C, C7, '10.25'!G:G), 0)+IFERROR(SUMIF('10.26'!C:C, C7, '10.26'!G:G), 0)+IFERROR(SUMIF('10.27'!C:C, C7, '10.27'!G:G), 0)+IFERROR(SUMIF('10.28'!C:C, C7, '10.28'!G:G), 0)+IFERROR(SUMIF('10.29'!C:C, C7, '10.29'!G:G), 0)+IFERROR(SUMIF('10.30'!C:C, C7, '10.30'!G:G), 0)+IFERROR(SUMIF('10.31'!C:C, C7, '10.31'!G:G), 0)+IFERROR(SUMIF('11.1'!C:C, C7, '11.1'!G:G), 0)+IFERROR(SUMIF('11.2'!C:C, C7, '11.2'!G:G), 0)+IFERROR(SUMIF('11.3'!C:C, C7, '11.3'!G:G), 0)+IFERROR(SUMIF('11.4'!C:C, C7, '11.4'!G:G), 0)+IFERROR(SUMIF('11.5'!C:C, C7, '11.5'!G:G), 0)+IFERROR(SUMIF('11.6'!C:C, C7, '11.6'!G:G), 0)+IFERROR(SUMIF('11.7'!C:C, C7, '11.7'!G:G), 0)+IFERROR(SUMIF('11.8'!C:C, C7, '11.8'!G:G), 0)+IFERROR(SUMIF('11.9'!C:C, C7, '11.9'!G:G), 0)+IFERROR(SUMIF('11.10'!C:C, C7, '11.10'!G:G), 0)+IFERROR(SUMIF('11.11'!C:C, C7, '11.11'!G:G), 0)+IFERROR(SUMIF('11.12'!C:C, C7, '11.12'!G:G), 0)+IFERROR(SUMIF('11.13'!C:C, C7, '11.13'!G:G), 0)+IFERROR(SUMIF('11.14'!C:C, C7, '11.14'!G:G), 0)+IFERROR(SUMIF('11.15'!C:C, C7, '11.15'!G:G), 0)+IFERROR(SUMIF('11.16'!C:C, C7, '11.16'!G:G), 0)+IFERROR(SUMIF('11.17'!C:C, C7, '11.17'!G:G), 0)+IFERROR(SUMIF('11.18'!C:C, C7, '11.18'!G:G), 0)+IFERROR(SUMIF('11.19'!C:C, C7, '11.19'!G:G), 0)+IFERROR(SUMIF('11.20'!C:C, C7, '11.20'!G:G), 0)+IFERROR(SUMIF('11.21'!C:C, C7, '11.21'!G:G), 0)+IFERROR(SUMIF('11.22'!C:C, C7, '11.22'!G:G), 0)+IFERROR(SUMIF('11.23'!C:C, C7, '11.23'!G:G), 0)+IFERROR(SUMIF('11.24'!C:C, C7, '11.24'!G:G), 0)+IFERROR(SUMIF('11.25'!C:C, C7, '11.25'!G:G), 0)+IFERROR(SUMIF('11.26'!C:C, C7, '11.26'!G:G), 0)+IFERROR(SUMIF('11.27'!C:C, C7, '11.27'!G:G), 0)+IFERROR(SUMIF('11.28'!C:C, C7, '11.28'!G:G), 0)+IFERROR(SUMIF('11.29'!C:C, C7, '11.29'!G:G), 0)+IFERROR(SUMIF('11.30'!C:C, C7, '11.30'!G:G), 0)+IFERROR(SUMIF('12.1'!C:C, C7, '12.1'!G:G), 0)+IFERROR(SUMIF('12.2'!C:C, C7, '12.2'!G:G), 0)+IFERROR(SUMIF('12.3'!C:C, C7, '12.3'!G:G), 0)+IFERROR(SUMIF('12.4'!C:C, C7, '12.4'!G:G), 0)+IFERROR(SUMIF('12.5'!C:C, C7, '12.5'!G:G), 0)+IFERROR(SUMIF('12.6'!C:C, C7, '12.6'!G:G), 0)+IFERROR(SUMIF('12.7'!C:C, C7, '12.7'!G:G), 0)+IFERROR(SUMIF('12.8'!C:C, C7, '12.8'!G:G), 0)+IFERROR(SUMIF('12.9'!C:C, C7, '12.9'!G:G), 0)+IFERROR(SUMIF('12.10'!C:C, C7, '12.10'!G:G), 0)+IFERROR(SUMIF('12.11'!C:C, C7, '12.11'!G:G), 0)+IFERROR(SUMIF('12.12'!C:C, C7, '12.12'!G:G), 0)+IFERROR(SUMIF('12.13'!C:C, C7, '12.13'!G:G), 0)+IFERROR(SUMIF('12.14'!C:C, C7, '12.14'!G:G), 0)+IFERROR(SUMIF('12.15'!C:C, C7, '12.15'!G:G), 0)+IFERROR(SUMIF('12.16'!C:C, C7, '12.16'!G:G), 0)+IFERROR(SUMIF('12.17'!C:C, C7, '12.17'!G:G), 0)+IFERROR(SUMIF('12.18'!C:C, C7, '12.18'!G:G), 0)+IFERROR(SUMIF('12.19'!C:C, C7, '12.19'!G:G), 0)+IFERROR(SUMIF('12.20'!C:C, C7, '12.20'!G:G), 0)+IFERROR(SUMIF('12.21'!C:C, C7, '12.21'!G:G), 0)+IFERROR(SUMIF('12.22'!C:C, C7, '12.22'!G:G), 0)+IFERROR(SUMIF('12.23'!C:C, C7, '12.23'!G:G), 0)+IFERROR(SUMIF('12.24'!C:C, C7, '12.24'!G:G), 0)+IFERROR(SUMIF('12.25'!C:C, C7, '12.25'!G:G), 0)+IFERROR(SUMIF('12.26'!C:C, C7, '12.26'!G:G), 0)+IFERROR(SUMIF('12.27'!C:C, C7, '12.27'!G:G), 0)+IFERROR(SUMIF('12.28'!C:C, C7, '12.28'!G:G), 0)+IFERROR(SUMIF('12.29'!C:C, C7, '12.29'!G:G), 0)+IFERROR(SUMIF('12.30'!C:C, C7, '12.30'!G:G), 0)+IFERROR(SUMIF('12.31'!C:C, C7, '12.31'!G:G), 0) -> 0
